Environment,Covariate,Quantile,Period,Value
1_AN_LN,ETP,0.25,P.V1,-0.6022571909699863
1_AN_LN,ETP,0.25,V1.V4,0.9328487249544366
1_AN_LN,ETP,0.25,V4.VT,0.3209201184108597
1_AN_LN,ETP,0.25,VT.FLO,0.9888202218212767
1_AN_LN,ETP,0.25,FLO.GF,0.5320295356031393
1_AN_LN,ETP,0.5,P.V1,-0.7349399008928061
1_AN_LN,ETP,0.5,V1.V4,1.33735738942781
1_AN_LN,ETP,0.5,V4.VT,0.5711734180928262
1_AN_LN,ETP,0.5,VT.FLO,0.8635714460646632
1_AN_LN,ETP,0.5,FLO.GF,1.4955492793362526
1_AN_LN,ETP,0.75,P.V1,-0.6679847544507369
1_AN_LN,ETP,0.75,V1.V4,1.3375001121184706
1_AN_LN,ETP,0.75,V4.VT,0.8554711178988699
1_AN_LN,ETP,0.75,VT.FLO,-1.392937931394066
1_AN_LN,ETP,0.75,FLO.GF,1.2006300466274107
1_AN_LN,FRUE,0.25,P.V1,1.3982292826979388
1_AN_LN,FRUE,0.25,V1.V4,0.865896636345799
1_AN_LN,FRUE,0.25,V4.VT,-0.9964692964161718
1_AN_LN,FRUE,0.25,VT.FLO,0.8465014112123994
1_AN_LN,FRUE,0.25,FLO.GF,-1.0278540704833776
1_AN_LN,FRUE,0.5,P.V1,1.12740391137733
1_AN_LN,FRUE,0.5,V1.V4,-0.1454221214666598
1_AN_LN,FRUE,0.5,V4.VT,-1.0884907015178669
1_AN_LN,FRUE,0.5,VT.FLO,0.8624508000424971
1_AN_LN,FRUE,0.5,FLO.GF,-1.1376636200651018
1_AN_LN,FRUE,0.75,P.V1,0.8491708968547566
1_AN_LN,FRUE,0.75,V1.V4,-0.11709389916320115
1_AN_LN,FRUE,0.75,V4.VT,-0.7976944294877455
1_AN_LN,FRUE,0.75,VT.FLO,0.8172465052196217
1_AN_LN,FRUE,0.75,FLO.GF,-1.4594911194806275
1_AN_LN,n,0.25,P.V1,-0.5998607663201788
1_AN_LN,n,0.25,V1.V4,0.9721229010900045
1_AN_LN,n,0.25,V4.VT,0.6154548494855535
1_AN_LN,n,0.25,VT.FLO,1.0292505867088175
1_AN_LN,n,0.25,FLO.GF,1.3003074334569429
1_AN_LN,N,0.25,P.V1,-1.1660620696631525
1_AN_LN,N,0.25,V1.V4,-1.1618063895017567
1_AN_LN,N,0.25,V4.VT,-1.1614436829661492
1_AN_LN,N,0.25,VT.FLO,-1.1625824466575982
1_AN_LN,N,0.25,FLO.GF,-1.1576136089183633
1_AN_LN,n,0.5,P.V1,-0.726840156033091
1_AN_LN,n,0.5,V1.V4,1.3256358177905228
1_AN_LN,n,0.5,V4.VT,0.5917688260555792
1_AN_LN,n,0.5,VT.FLO,0.9070577798540006
1_AN_LN,n,0.5,FLO.GF,1.486744103990658
1_AN_LN,N,0.5,P.V1,-1.1672618294055148
1_AN_LN,N,0.5,V1.V4,-1.162465905671203
1_AN_LN,N,0.5,V4.VT,-1.1612291023984826
1_AN_LN,N,0.5,VT.FLO,-1.16250170946079
1_AN_LN,N,0.5,FLO.GF,-1.1599599269900869
1_AN_LN,n,0.75,P.V1,-0.6622580218817321
1_AN_LN,n,0.75,V1.V4,1.4106537738367741
1_AN_LN,n,0.75,V4.VT,1.1389039816743023
1_AN_LN,n,0.75,VT.FLO,-1.239366308414797
1_AN_LN,n,0.75,FLO.GF,1.0681234293747666
1_AN_LN,N,0.75,P.V1,-1.1686551966354457
1_AN_LN,N,0.75,V1.V4,-1.1634218821167255
1_AN_LN,N,0.75,V4.VT,-1.1611737543263467
1_AN_LN,N,0.75,VT.FLO,-1.162202994676775
1_AN_LN,N,0.75,FLO.GF,-1.1614332850411921
1_AN_LN,PETP,0.25,P.V1,-0.3330878692114682
1_AN_LN,PETP,0.25,V1.V4,-0.8461989829662143
1_AN_LN,PETP,0.25,V4.VT,-0.7018657648155118
1_AN_LN,PETP,0.25,VT.FLO,-0.8456849292774369
1_AN_LN,PETP,0.25,FLO.GF,-0.8520417539801216
1_AN_LN,PETP,0.5,V1.V4,1.309792577180406
1_AN_LN,PETP,0.5,V4.VT,-1.0902714115940513
1_AN_LN,PETP,0.5,VT.FLO,-1.1277688908596375
1_AN_LN,PETP,0.5,FLO.GF,0.31494904341706254
1_AN_LN,PETP,0.75,V1.V4,1.4535230328599618
1_AN_LN,PETP,0.75,V4.VT,-0.6317243281680992
1_AN_LN,PETP,0.75,VT.FLO,-0.9611511588200684
1_AN_LN,PETP,0.75,FLO.GF,1.1463588673734237
1_AN_LN,PRECTOT,0.25,P.V1,-0.7823771998154677
1_AN_LN,PRECTOT,0.25,V1.V4,0.7523165968588494
1_AN_LN,PRECTOT,0.25,V4.VT,-0.4019607843137255
1_AN_LN,PRECTOT,0.25,VT.FLO,-1.2699731723178564
1_AN_LN,PRECTOT,0.25,FLO.GF,-0.28867513459481287
1_AN_LN,PRECTOT,0.5,V1.V4,1.3463613906459335
1_AN_LN,PRECTOT,0.5,V4.VT,0.49968930829265323
1_AN_LN,PRECTOT,0.5,VT.FLO,-1.1043152607484654
1_AN_LN,PRECTOT,0.5,FLO.GF,1.2645652091675135
1_AN_LN,PRECTOT,0.75,V1.V4,1.0254980785361096
1_AN_LN,PRECTOT,0.75,V4.VT,-0.5940349825903856
1_AN_LN,PRECTOT,0.75,VT.FLO,-0.9375558365899603
1_AN_LN,PRECTOT,0.75,FLO.GF,1.1248421888242797
1_AN_LN,RH2M,0.25,V1.V4,1.2273821707092976
1_AN_LN,RH2M,0.25,VT.FLO,-1.212454567098454
1_AN_LN,RH2M,0.25,FLO.GF,0.159578690516115
1_AN_LN,RH2M,0.5,V1.V4,0.606148532164635
1_AN_LN,RH2M,0.5,V4.VT,0.5920336246650442
1_AN_LN,RH2M,0.5,VT.FLO,-1.2205071007310864
1_AN_LN,RH2M,0.5,FLO.GF,0.06900605411698048
1_AN_LN,RH2M,0.75,P.V1,-0.7459483562741108
1_AN_LN,RH2M,0.75,V1.V4,1.1912801570172589
1_AN_LN,RH2M,0.75,V4.VT,0.593163393858321
1_AN_LN,RH2M,0.75,VT.FLO,-1.4831852911713936
1_AN_LN,RH2M,0.75,FLO.GF,0.8818732776572107
1_AN_LN,RTA,0.25,P.V1,-1.2047574091744826
1_AN_LN,RTA,0.25,V1.V4,-1.1976229984045605
1_AN_LN,RTA,0.25,V4.VT,-1.187227392276567
1_AN_LN,RTA,0.25,VT.FLO,-1.1732262292996885
1_AN_LN,RTA,0.25,FLO.GF,-1.1566824540984797
1_AN_LN,RTA,0.5,P.V1,-1.205986342094377
1_AN_LN,RTA,0.5,V1.V4,-1.1995446468770177
1_AN_LN,RTA,0.5,V4.VT,-1.1899866542426984
1_AN_LN,RTA,0.5,VT.FLO,-1.1768449947166033
1_AN_LN,RTA,0.5,FLO.GF,-1.1611418705953989
1_AN_LN,RTA,0.75,P.V1,-1.2073537795915983
1_AN_LN,RTA,0.75,V1.V4,-1.201398813300114
1_AN_LN,RTA,0.75,V4.VT,-1.1926513483315226
1_AN_LN,RTA,0.75,VT.FLO,-1.180409573410727
1_AN_LN,RTA,0.75,FLO.GF,-1.1651929987923402
1_AN_LN,SPV,0.25,P.V1,1.4057106988413244
1_AN_LN,SPV,0.25,V1.V4,0.8659012451955854
1_AN_LN,SPV,0.25,V4.VT,-0.9938132706644428
1_AN_LN,SPV,0.25,VT.FLO,0.8455105986702074
1_AN_LN,SPV,0.25,FLO.GF,-1.0229888882773688
1_AN_LN,SPV,0.5,P.V1,1.1390069134660783
1_AN_LN,SPV,0.5,V1.V4,-0.1507891300457138
1_AN_LN,SPV,0.5,V4.VT,-1.0835787191589252
1_AN_LN,SPV,0.5,VT.FLO,0.862708553168546
1_AN_LN,SPV,0.5,FLO.GF,-1.1328241126465446
1_AN_LN,SPV,0.75,P.V1,0.8543802549352771
1_AN_LN,SPV,0.75,V1.V4,-0.12023259844046708
1_AN_LN,SPV,0.75,V4.VT,-0.7992415546409244
1_AN_LN,SPV,0.75,VT.FLO,0.8167152517248047
1_AN_LN,SPV,0.75,FLO.GF,-1.4576755688746106
1_AN_LN,SRAD,0.25,V1.V4,0.9162174167027504
1_AN_LN,SRAD,0.25,V4.VT,0.37524149880453866
1_AN_LN,SRAD,0.25,VT.FLO,1.0006916785277764
1_AN_LN,SRAD,0.25,FLO.GF,0.6832053644483632
1_AN_LN,SRAD,0.5,V1.V4,1.3194907182203701
1_AN_LN,SRAD,0.5,V4.VT,0.5047961337373001
1_AN_LN,SRAD,0.5,VT.FLO,0.9319419995380822
1_AN_LN,SRAD,0.5,FLO.GF,1.4982077172911872
1_AN_LN,SRAD,0.75,V1.V4,1.416322692909224
1_AN_LN,SRAD,0.75,V4.VT,0.8758942368093402
1_AN_LN,SRAD,0.75,VT.FLO,-1.3686476981958084
1_AN_LN,SRAD,0.75,FLO.GF,1.3416384377362598
1_AN_LN,T2M_MAX,0.25,P.V1,1.09083529996158
1_AN_LN,T2M_MAX,0.25,V1.V4,0.4512365874254033
1_AN_LN,T2M_MAX,0.25,V4.VT,-0.8660254037844427
1_AN_LN,T2M_MAX,0.25,VT.FLO,0.8622500533489271
1_AN_LN,T2M_MAX,0.25,FLO.GF,-1.4990095617045063
1_AN_LN,T2M_MAX,0.5,P.V1,0.8287640228668481
1_AN_LN,T2M_MAX,0.5,V1.V4,-0.4872503481534765
1_AN_LN,T2M_MAX,0.5,V4.VT,-0.8197013651676277
1_AN_LN,T2M_MAX,0.5,VT.FLO,0.8527819755874013
1_AN_LN,T2M_MAX,0.5,FLO.GF,-1.2887178422489065
1_AN_LN,T2M_MAX,0.75,P.V1,0.8998801817881755
1_AN_LN,T2M_MAX,0.75,V1.V4,-0.0610809706214385
1_AN_LN,T2M_MAX,0.75,V4.VT,-0.6240873164395935
1_AN_LN,T2M_MAX,0.75,VT.FLO,0.8096240565142839
1_AN_LN,T2M_MAX,0.75,FLO.GF,-1.1821541495279853
1_AN_LN,T2M_MIN,0.25,P.V1,1.2847727606059063
1_AN_LN,T2M_MIN,0.25,V1.V4,0.08340428552442167
1_AN_LN,T2M_MIN,0.25,V4.VT,-0.9599964476583522
1_AN_LN,T2M_MIN,0.25,VT.FLO,0.7383502317320526
1_AN_LN,T2M_MIN,0.25,FLO.GF,-1.2080546981931286
1_AN_LN,T2M_MIN,0.5,P.V1,0.8873419552386991
1_AN_LN,T2M_MIN,0.5,V1.V4,0.3941780613961457
1_AN_LN,T2M_MIN,0.5,V4.VT,-1.1634108492607187
1_AN_LN,T2M_MIN,0.5,VT.FLO,0.6847529360096277
1_AN_LN,T2M_MIN,0.5,FLO.GF,-1.1422995471652155
1_AN_LN,T2M_MIN,0.75,P.V1,0.8796107426648251
1_AN_LN,T2M_MIN,0.75,V1.V4,0.8632113414172347
1_AN_LN,T2M_MIN,0.75,V4.VT,-1.0522033445423975
1_AN_LN,T2M_MIN,0.75,VT.FLO,0.5217320186699161
1_AN_LN,T2M_MIN,0.75,FLO.GF,-1.2947162989581005
1_AN_LN,T2M,0.25,P.V1,1.3941030224319815
1_AN_LN,T2M,0.25,V1.V4,0.8186724747404267
1_AN_LN,T2M,0.25,V4.VT,-1.082272951263159
1_AN_LN,T2M,0.25,VT.FLO,0.8644851200168979
1_AN_LN,T2M,0.25,FLO.GF,-1.3340746144735414
1_AN_LN,T2M,0.5,P.V1,1.0282351811593289
1_AN_LN,T2M,0.5,V1.V4,-0.4523447593711916
1_AN_LN,T2M,0.5,V4.VT,-0.8976765352953379
1_AN_LN,T2M,0.5,VT.FLO,0.8529033930190687
1_AN_LN,T2M,0.5,FLO.GF,-1.1621228710940372
1_AN_LN,T2M,0.75,P.V1,0.9165312483863907
1_AN_LN,T2M,0.75,V1.V4,-0.006876900364474714
1_AN_LN,T2M,0.75,V4.VT,-0.8651256368882168
1_AN_LN,T2M,0.75,VT.FLO,0.7468387421826636
1_AN_LN,T2M,0.75,FLO.GF,-1.4724400660869044
1_AN_LN,T2M_RANGE,0.25,P.V1,0.6043214813093787
1_AN_LN,T2M_RANGE,0.25,V1.V4,-0.8838716734080294
1_AN_LN,T2M_RANGE,0.25,V4.VT,-0.4949969062790046
1_AN_LN,T2M_RANGE,0.25,VT.FLO,1.3242941719853336
1_AN_LN,T2M_RANGE,0.25,FLO.GF,-0.24970581820963353
1_AN_LN,T2M_RANGE,0.5,P.V1,0.43081416201515504
1_AN_LN,T2M_RANGE,0.5,V1.V4,0.7701540462154107
1_AN_LN,T2M_RANGE,0.5,V4.VT,0.19235587613940147
1_AN_LN,T2M_RANGE,0.5,VT.FLO,1.4119488131810953
1_AN_LN,T2M_RANGE,0.5,FLO.GF,0.06845440214630157
1_AN_LN,T2M_RANGE,0.75,P.V1,0.6156634447276255
1_AN_LN,T2M_RANGE,0.75,V1.V4,-0.32816008278282544
1_AN_LN,T2M_RANGE,0.75,V4.VT,1.0327231263292649
1_AN_LN,T2M_RANGE,0.75,VT.FLO,0.8660254037844387
1_AN_LN,T2M_RANGE,0.75,FLO.GF,0.8557241358565594
1_AN_LN,T2MDEW,0.25,P.V1,1.476945944143628
1_AN_LN,T2MDEW,0.25,V1.V4,0.7668102305564304
1_AN_LN,T2MDEW,0.25,V4.VT,-0.7346951419962299
1_AN_LN,T2MDEW,0.25,VT.FLO,0.7847790748715747
1_AN_LN,T2MDEW,0.25,FLO.GF,-1.189035942990729
1_AN_LN,T2MDEW,0.5,P.V1,1.1060166035248888
1_AN_LN,T2MDEW,0.5,V1.V4,0.9107495923904245
1_AN_LN,T2MDEW,0.5,V4.VT,-0.9558080126231193
1_AN_LN,T2MDEW,0.5,VT.FLO,0.6185713903793966
1_AN_LN,T2MDEW,0.5,FLO.GF,-1.2936481973683487
1_AN_LN,T2MDEW,0.75,P.V1,0.9127227839407394
1_AN_LN,T2MDEW,0.75,V1.V4,0.9692558824496659
1_AN_LN,T2MDEW,0.75,V4.VT,-1.322824674718149
1_AN_LN,T2MDEW,0.75,VT.FLO,-0.2384535351494151
1_AN_LN,T2MDEW,0.75,FLO.GF,-1.3842189581672228
1_AN_LN,VPD,0.25,P.V1,0.8660254037844386
1_AN_LN,VPD,0.25,V1.V4,-0.5084468099704866
1_AN_LN,VPD,0.25,V4.VT,-0.8194066536984006
1_AN_LN,VPD,0.25,VT.FLO,1.4009996565768144
1_AN_LN,VPD,0.25,FLO.GF,-0.5865080061598305
1_AN_LN,VPD,0.5,P.V1,0.5644842353160436
1_AN_LN,VPD,0.5,V1.V4,0.41443660785825426
1_AN_LN,VPD,0.5,V4.VT,-0.6845329323980185
1_AN_LN,VPD,0.5,VT.FLO,1.3432696406742397
1_AN_LN,VPD,0.5,FLO.GF,-1.466460604975011
1_AN_LN,VPD,0.75,P.V1,0.8487171158731168
1_AN_LN,VPD,0.75,V1.V4,-1.1915128508995807
1_AN_LN,VPD,0.75,V4.VT,-0.7058620831772463
1_AN_LN,VPD,0.75,VT.FLO,1.0593628865219602
1_AN_LN,VPD,0.75,FLO.GF,-1.1081566573297927
1_AN_LN,WS2M,0.25,P.V1,0.44629623331241763
1_AN_LN,WS2M,0.25,V1.V4,-0.408248290463863
1_AN_LN,WS2M,0.25,V4.VT,0.6762522260005743
1_AN_LN,WS2M,0.25,VT.FLO,-0.865514834090088
1_AN_LN,WS2M,0.25,FLO.GF,-0.4687936026232264
1_AN_LN,WS2M,0.5,P.V1,-0.222468842283143
1_AN_LN,WS2M,0.5,V1.V4,-0.45482655635721675
1_AN_LN,WS2M,0.5,V4.VT,-0.435031420070548
1_AN_LN,WS2M,0.5,VT.FLO,-0.8660254037844386
1_AN_LN,WS2M,0.5,FLO.GF,-0.07866327238699213
1_AN_LN,WS2M,0.75,P.V1,-0.11868931087888447
1_AN_LN,WS2M,0.75,V1.V4,-0.4607420239809514
1_AN_LN,WS2M,0.75,V4.VT,0.8508093709406939
1_AN_LN,WS2M,0.75,VT.FLO,-0.8660254037844386
1_AN_LN,WS2M,0.75,FLO.GF,-0.5584624437142591
1_PI_LN,ETP,0.25,P.V1,-1.0924220540159937
1_PI_LN,ETP,0.25,V1.V4,0.7332726010068406
1_PI_LN,ETP,0.25,V4.VT,0.9828880938621638
1_PI_LN,ETP,0.25,VT.FLO,0.733808281339113
1_PI_LN,ETP,0.25,FLO.GF,-1.0262658188268186
1_PI_LN,ETP,0.5,P.V1,-0.9878511892475805
1_PI_LN,ETP,0.5,V1.V4,0.16926869010813225
1_PI_LN,ETP,0.5,V4.VT,1.1172722171717846
1_PI_LN,ETP,0.5,VT.FLO,0.8683167741008986
1_PI_LN,ETP,0.5,FLO.GF,-0.42857302830280747
1_PI_LN,ETP,0.75,P.V1,-1.0435773043352414
1_PI_LN,ETP,0.75,V1.V4,0.16392628222618405
1_PI_LN,ETP,0.75,V4.VT,0.8764622814755536
1_PI_LN,ETP,0.75,VT.FLO,-0.05849346079066836
1_PI_LN,ETP,0.75,FLO.GF,0.44736272768411034
1_PI_LN,FRUE,0.25,P.V1,0.04596078723258672
1_PI_LN,FRUE,0.25,V1.V4,0.865896636345799
1_PI_LN,FRUE,0.25,V4.VT,-0.7249040376126459
1_PI_LN,FRUE,0.25,VT.FLO,0.8853317511762724
1_PI_LN,FRUE,0.25,FLO.GF,-0.6873641092466478
1_PI_LN,FRUE,0.5,P.V1,0.49447539972689886
1_PI_LN,FRUE,0.5,V1.V4,1.435253111866635
1_PI_LN,FRUE,0.5,V4.VT,-0.6096284639634699
1_PI_LN,FRUE,0.5,VT.FLO,0.8624508000424971
1_PI_LN,FRUE,0.5,FLO.GF,-0.5099871400291834
1_PI_LN,FRUE,0.75,P.V1,0.7070502446614901
1_PI_LN,FRUE,0.75,V1.V4,1.444158089679436
1_PI_LN,FRUE,0.75,V4.VT,-0.927462901270441
1_PI_LN,FRUE,0.75,VT.FLO,0.9030466632479283
1_PI_LN,FRUE,0.75,FLO.GF,0.616558854196837
1_PI_LN,n,0.25,P.V1,-1.0929399380971834
1_PI_LN,n,0.25,V1.V4,0.6942585133542347
1_PI_LN,n,0.25,V4.VT,0.7747603814978399
1_PI_LN,n,0.25,VT.FLO,0.6856687178829537
1_PI_LN,n,0.25,FLO.GF,-0.537982801164339
1_PI_LN,N,0.25,P.V1,-0.49713285739159585
1_PI_LN,N,0.25,V1.V4,-0.49984522860160707
1_PI_LN,N,0.25,V4.VT,-0.49691062125788604
1_PI_LN,N,0.25,VT.FLO,-0.49111965017437315
1_PI_LN,N,0.25,FLO.GF,-0.49118603964426255
1_PI_LN,n,0.5,P.V1,-0.9948144707121885
1_PI_LN,n,0.5,V1.V4,0.2030293334332377
1_PI_LN,n,0.5,V4.VT,1.10224711940322
1_PI_LN,n,0.5,VT.FLO,0.8236186947530846
1_PI_LN,n,0.5,FLO.GF,-0.30809029038258723
1_PI_LN,N,0.5,P.V1,-0.49602815140015555
1_PI_LN,N,0.5,V1.V4,-0.49971031323112686
1_PI_LN,N,0.5,V4.VT,-0.49804356727525667
1_PI_LN,N,0.5,VT.FLO,-0.49236643769444677
1_PI_LN,N,0.5,FLO.GF,-0.49016247395283563
1_PI_LN,n,0.75,P.V1,-1.0481625084926907
1_PI_LN,n,0.75,V1.V4,-0.02165969375738448
1_PI_LN,n,0.75,V4.VT,0.5406860417261781
1_PI_LN,n,0.75,VT.FLO,-0.19059379792951522
1_PI_LN,n,0.75,FLO.GF,0.6368259092021388
1_PI_LN,N,0.75,P.V1,-0.49465753461510353
1_PI_LN,N,0.75,V1.V4,-0.49920370563571564
1_PI_LN,N,0.75,V4.VT,-0.49896427201407
1_PI_LN,N,0.75,VT.FLO,-0.4938500699669614
1_PI_LN,N,0.75,FLO.GF,-0.48985223146941315
1_PI_LN,PETP,0.25,P.V1,-0.7011474440551299
1_PI_LN,PETP,0.25,V1.V4,-0.8694339175431064
1_PI_LN,PETP,0.25,V4.VT,1.4835352953399237
1_PI_LN,PETP,0.25,VT.FLO,-0.702705980769229
1_PI_LN,PETP,0.25,FLO.GF,-0.8669331111346548
1_PI_LN,PETP,0.5,V1.V4,0.25256284505870186
1_PI_LN,PETP,0.5,V4.VT,1.326928427222856
1_PI_LN,PETP,0.5,VT.FLO,-0.5533092150748171
1_PI_LN,PETP,0.5,FLO.GF,-1.4163917875688643
1_PI_LN,PETP,0.75,V1.V4,-0.1436902365165991
1_PI_LN,PETP,0.75,V4.VT,1.4932460862577603
1_PI_LN,PETP,0.75,VT.FLO,-0.7653543494271613
1_PI_LN,PETP,0.75,FLO.GF,-1.2552949921825443
1_PI_LN,PRECTOT,0.25,P.V1,-0.9458138295641535
1_PI_LN,PRECTOT,0.25,V1.V4,-0.5388934488137859
1_PI_LN,PRECTOT,0.25,V4.VT,1.3627450980392157
1_PI_LN,PRECTOT,0.25,VT.FLO,-0.3292523039342591
1_PI_LN,PRECTOT,0.25,FLO.GF,-1.2509255832441892
1_PI_LN,PRECTOT,0.5,V1.V4,0.01594675081983346
1_PI_LN,PRECTOT,0.5,V4.VT,1.14418653858032
1_PI_LN,PRECTOT,0.5,VT.FLO,-0.44172610429938625
1_PI_LN,PRECTOT,0.5,FLO.GF,-1.122479230609366
1_PI_LN,PRECTOT,0.75,V1.V4,0.6798245689171964
1_PI_LN,PRECTOT,0.75,V4.VT,1.4965997623401186
1_PI_LN,PRECTOT,0.75,VT.FLO,-0.791409345708853
1_PI_LN,PRECTOT,0.75,FLO.GF,-1.310530423169875
1_PI_LN,RH2M,0.25,V1.V4,-0.09868399362486631
1_PI_LN,RH2M,0.25,VT.FLO,-0.4284902828255999
1_PI_LN,RH2M,0.25,FLO.GF,-1.4495064388547332
1_PI_LN,RH2M,0.5,V1.V4,0.18388775694882578
1_PI_LN,RH2M,0.5,V4.VT,1.0842341283081387
1_PI_LN,RH2M,0.5,VT.FLO,1.2289535166531051
1_PI_LN,RH2M,0.5,FLO.GF,-1.4294111209945821
1_PI_LN,RH2M,0.75,P.V1,-0.9782929262611264
1_PI_LN,RH2M,0.75,V1.V4,0.4611407059421568
1_PI_LN,RH2M,0.75,V4.VT,1.0715209695505161
1_PI_LN,RH2M,0.75,VT.FLO,0.2832366161785139
1_PI_LN,RH2M,0.75,FLO.GF,-1.428874856839438
1_PI_LN,RTA,0.25,P.V1,-0.43581319698109283
1_PI_LN,RTA,0.25,V1.V4,-0.4428792081097678
1_PI_LN,RTA,0.25,V4.VT,-0.45545424226256404
1_PI_LN,RTA,0.25,VT.FLO,-0.47292574740711135
1_PI_LN,RTA,0.25,FLO.GF,-0.49094754436683186
1_PI_LN,RTA,0.5,P.V1,-0.43470808604551875
1_PI_LN,RTA,0.5,V1.V4,-0.4407965126543617
1_PI_LN,RTA,0.5,V4.VT,-0.4519981318554821
1_PI_LN,RTA,0.5,VT.FLO,-0.4684977797634469
1_PI_LN,RTA,0.5,FLO.GF,-0.48656577364403547
1_PI_LN,RTA,0.75,P.V1,-0.43343135858997056
1_PI_LN,RTA,0.75,V1.V4,-0.43891666702026866
1_PI_LN,RTA,0.75,V4.VT,-0.4487141138664157
1_PI_LN,RTA,0.75,VT.FLO,-0.4640516478625857
1_PI_LN,RTA,0.75,FLO.GF,-0.48224531468675863
1_PI_LN,SPV,0.25,P.V1,0.024922922392601684
1_PI_LN,SPV,0.25,V1.V4,0.8659012451955854
1_PI_LN,SPV,0.25,V4.VT,-0.7280096649458058
1_PI_LN,SPV,0.25,VT.FLO,0.8863000464280966
1_PI_LN,SPV,0.25,FLO.GF,-0.6932804640998393
1_PI_LN,SPV,0.5,P.V1,0.4820595648456787
1_PI_LN,SPV,0.5,V1.V4,1.4372645526532382
1_PI_LN,SPV,0.5,V4.VT,-0.616097453710804
1_PI_LN,SPV,0.5,VT.FLO,0.862708553168546
1_PI_LN,SPV,0.5,FLO.GF,-0.5157570079134884
1_PI_LN,SPV,0.75,P.V1,0.7078797106220618
1_PI_LN,SPV,0.75,V1.V4,1.445067098031362
1_PI_LN,SPV,0.75,V4.VT,-0.9258103507319322
1_PI_LN,SPV,0.75,VT.FLO,0.9038963501112317
1_PI_LN,SPV,0.75,FLO.GF,0.6183181540596597
1_PI_LN,SRAD,0.25,V1.V4,0.755879368779772
1_PI_LN,SRAD,0.25,V4.VT,0.9314370198752308
1_PI_LN,SRAD,0.25,VT.FLO,0.7199450227027688
1_PI_LN,SRAD,0.25,FLO.GF,-1.081741827043251
1_PI_LN,SRAD,0.5,V1.V4,0.21199894770353478
1_PI_LN,SRAD,0.5,V4.VT,1.1634606077046865
1_PI_LN,SRAD,0.5,VT.FLO,0.7974979078014414
1_PI_LN,SRAD,0.5,FLO.GF,-0.5262361434863575
1_PI_LN,SRAD,0.75,V1.V4,-0.08513415093989869
1_PI_LN,SRAD,0.75,V4.VT,0.856100016768448
1_PI_LN,SRAD,0.75,VT.FLO,-0.11666227780878693
1_PI_LN,SRAD,0.75,FLO.GF,0.18524714830667977
1_PI_LN,T2M_MAX,0.25,P.V1,0.6071054245026921
1_PI_LN,T2M_MAX,0.25,V1.V4,1.0760257084759655
1_PI_LN,T2M_MAX,0.25,V4.VT,-0.8660254037844427
1_PI_LN,T2M_MAX,0.25,VT.FLO,0.8686697838531546
1_PI_LN,T2M_MAX,0.25,FLO.GF,0.4482860352772241
1_PI_LN,T2M_MAX,0.5,P.V1,0.8287640228668481
1_PI_LN,T2M_MAX,0.5,V1.V4,1.371797134032082
1_PI_LN,T2M_MAX,0.5,V4.VT,-0.9111421549074435
1_PI_LN,T2M_MAX,0.5,VT.FLO,0.8787024003772904
1_PI_LN,T2M_MAX,0.5,FLO.GF,-0.2828892824448814
1_PI_LN,T2M_MAX,0.75,P.V1,0.8314955047610952
1_PI_LN,T2M_MAX,0.75,V1.V4,1.4320094223470035
1_PI_LN,T2M_MAX,0.75,V4.VT,-1.0779690011229326
1_PI_LN,T2M_MAX,0.75,VT.FLO,0.9052960277419705
1_PI_LN,T2M_MAX,0.75,FLO.GF,1.2204351628511751
1_PI_LN,T2M_MIN,0.25,P.V1,-1.0864373430166603
1_PI_LN,T2M_MIN,0.25,V1.V4,1.0048230589370424
1_PI_LN,T2M_MIN,0.25,V4.VT,-0.7611960933748775
1_PI_LN,T2M_MIN,0.25,VT.FLO,0.9849041279409783
1_PI_LN,T2M_MIN,0.25,FLO.GF,-0.4353173871933101
1_PI_LN,T2M_MIN,0.5,P.V1,0.7078795373252548
1_PI_LN,T2M_MIN,0.5,V1.V4,1.2289080737644447
1_PI_LN,T2M_MIN,0.5,V4.VT,-0.5009130045428082
1_PI_LN,T2M_MIN,0.5,VT.FLO,1.030006517190948
1_PI_LN,T2M_MIN,0.5,FLO.GF,-0.45260925453716017
1_PI_LN,T2M_MIN,0.75,P.V1,0.15443547390298695
1_PI_LN,T2M_MIN,0.75,V1.V4,0.8632113414172347
1_PI_LN,T2M_MIN,0.75,V4.VT,-0.6442061293116754
1_PI_LN,T2M_MIN,0.75,VT.FLO,1.0782461719178522
1_PI_LN,T2M_MIN,0.75,FLO.GF,0.9890369386187297
1_PI_LN,T2M,0.25,P.V1,0.057241316152836764
1_PI_LN,T2M,0.25,V1.V4,0.9102721921938985
1_PI_LN,T2M,0.25,V4.VT,-0.6184416864360889
1_PI_LN,T2M,0.25,VT.FLO,0.8675643190196289
1_PI_LN,T2M,0.25,FLO.GF,-0.201834166765368
1_PI_LN,T2M,0.5,P.V1,0.6543314789195718
1_PI_LN,T2M,0.5,V1.V4,1.4357029319172636
1_PI_LN,T2M,0.5,V4.VT,-0.8337849669469144
1_PI_LN,T2M,0.5,VT.FLO,0.8790460257552863
1_PI_LN,T2M,0.5,FLO.GF,-0.42572818049979366
1_PI_LN,T2M,0.75,P.V1,0.7043439497245899
1_PI_LN,T2M,0.75,V1.V4,1.3685031725297645
1_PI_LN,T2M,0.75,V4.VT,-0.8651256368882168
1_PI_LN,T2M,0.75,VT.FLO,0.9772260148354174
1_PI_LN,T2M,0.75,FLO.GF,0.6811467211760509
1_PI_LN,T2M_RANGE,0.25,P.V1,1.0929218278999377
1_PI_LN,T2M_RANGE,0.25,V1.V4,-0.829894777322044
1_PI_LN,T2M_RANGE,0.25,V4.VT,-1.1699926875685533
1_PI_LN,T2M_RANGE,0.25,VT.FLO,0.22272718882603398
1_PI_LN,T2M_RANGE,0.25,FLO.GF,1.300706426196477
1_PI_LN,T2M_RANGE,0.5,P.V1,1.2108682068473309
1_PI_LN,T2M_RANGE,0.5,V1.V4,0.7701540462154107
1_PI_LN,T2M_RANGE,0.5,V4.VT,-1.4564087764840306
1_PI_LN,T2M_RANGE,0.5,VT.FLO,0.005957589929028728
1_PI_LN,T2M_RANGE,0.5,FLO.GF,1.3899219914053986
1_PI_LN,T2M_RANGE,0.75,P.V1,1.0842655807956165
1_PI_LN,T2M_RANGE,0.75,V1.V4,1.489341914168201
1_PI_LN,T2M_RANGE,0.75,V4.VT,-1.3548569455512416
1_PI_LN,T2M_RANGE,0.75,VT.FLO,0.8660254037844387
1_PI_LN,T2M_RANGE,0.75,FLO.GF,0.8557241358565594
1_PI_LN,T2MDEW,0.25,P.V1,-0.5656388722252197
1_PI_LN,T2MDEW,0.25,V1.V4,0.9598533655216843
1_PI_LN,T2MDEW,0.25,V4.VT,-0.701299908269135
1_PI_LN,T2MDEW,0.25,VT.FLO,0.9436259237612432
1_PI_LN,T2MDEW,0.25,FLO.GF,-0.46545643409057763
1_PI_LN,T2MDEW,0.5,P.V1,0.514869798192625
1_PI_LN,T2MDEW,0.5,V1.V4,0.8182877048380958
1_PI_LN,T2MDEW,0.5,V4.VT,-0.7491468207046114
1_PI_LN,T2MDEW,0.5,VT.FLO,1.0821743692742645
1_PI_LN,T2MDEW,0.5,FLO.GF,-0.26254852714117566
1_PI_LN,T2MDEW,0.75,P.V1,0.7647136838422431
1_PI_LN,T2MDEW,0.75,V1.V4,0.7562326115816111
1_PI_LN,T2MDEW,0.75,V4.VT,-0.07111960616765806
1_PI_LN,T2MDEW,0.75,VT.FLO,1.4580847313235152
1_PI_LN,T2MDEW,0.75,FLO.GF,-0.07698834160067555
1_PI_LN,VPD,0.25,P.V1,0.8660254037844386
1_PI_LN,VPD,0.25,V1.V4,0.09171196591452674
1_PI_LN,VPD,0.25,V4.VT,-0.9114216509410903
1_PI_LN,VPD,0.25,VT.FLO,0.03826128986052544
1_PI_LN,VPD,0.25,FLO.GF,1.4679085902583082
1_PI_LN,VPD,0.5,P.V1,1.108627314001883
1_PI_LN,VPD,0.5,V1.V4,1.0931149852882844
1_PI_LN,VPD,0.5,V4.VT,-1.0009133683773714
1_PI_LN,VPD,0.5,VT.FLO,0.18161822041898776
1_PI_LN,VPD,0.5,FLO.GF,0.1914341165675474
1_PI_LN,VPD,0.75,P.V1,0.8820315175868435
1_PI_LN,VPD,0.75,V1.V4,-0.1773698805314423
1_PI_LN,VPD,0.75,V4.VT,-1.0087620754044848
1_PI_LN,VPD,0.75,VT.FLO,0.6481006359682749
1_PI_LN,VPD,0.75,FLO.GF,1.3225038605086776
1_PI_LN,WS2M,0.25,P.V1,1.140534818465069
1_PI_LN,WS2M,0.25,V1.V4,-1.224744871391589
1_PI_LN,WS2M,0.25,V4.VT,1.036920079867548
1_PI_LN,WS2M,0.25,VT.FLO,-0.865514834090088
1_PI_LN,WS2M,0.25,FLO.GF,-1.18314575900148
1_PI_LN,WS2M,0.5,P.V1,1.0438922599439795
1_PI_LN,WS2M,0.5,V1.V4,-1.1960253889393457
1_PI_LN,WS2M,0.5,V4.VT,1.4984415580207793
1_PI_LN,WS2M,0.5,VT.FLO,-0.8660254037844386
1_PI_LN,WS2M,0.5,FLO.GF,-1.3822260719428565
1_PI_LN,WS2M,0.75,P.V1,0.9257766248553014
1_PI_LN,WS2M,0.75,V1.V4,-1.1799490858048773
1_PI_LN,WS2M,0.75,V4.VT,0.8508093709406939
1_PI_LN,WS2M,0.75,VT.FLO,-0.8660254037844386
1_PI_LN,WS2M,0.75,FLO.GF,-1.1263903525762178
2_AN_LN,ETP,0.25,P.V1,0.9103136652856063
2_AN_LN,ETP,0.25,V1.V4,-1.1525324242930142
2_AN_LN,ETP,0.25,V4.VT,0.08327728146381007
2_AN_LN,ETP,0.25,VT.FLO,-0.8655270419353414
2_AN_LN,ETP,0.25,FLO.GF,-0.6308306867734623
2_AN_LN,ETP,0.5,P.V1,0.8592979459352116
2_AN_LN,ETP,0.5,V1.V4,-0.9080099235811078
2_AN_LN,ETP,0.5,V4.VT,-0.8486605861112171
2_AN_LN,ETP,0.5,VT.FLO,-0.8825563613253716
2_AN_LN,ETP,0.5,FLO.GF,-0.6057319915313718
2_AN_LN,ETP,0.75,P.V1,0.8525843780252788
2_AN_LN,ETP,0.75,V1.V4,-0.9196525579814516
2_AN_LN,ETP,0.75,V4.VT,-0.8756203429684456
2_AN_LN,ETP,0.75,VT.FLO,0.7642895941238731
2_AN_LN,ETP,0.75,FLO.GF,-0.838383689248475
2_AN_LN,FRUE,0.25,P.V1,-0.7220950349652627
2_AN_LN,FRUE,0.25,V1.V4,-0.8447772061910228
2_AN_LN,FRUE,0.25,V4.VT,0.8606866670144088
2_AN_LN,FRUE,0.25,VT.FLO,-0.8659165811943351
2_AN_LN,FRUE,0.25,FLO.GF,0.8521369297737067
2_AN_LN,FRUE,0.5,P.V1,-1.1018075377444068
2_AN_LN,FRUE,0.5,V1.V4,-0.4362663643999938
2_AN_LN,FRUE,0.5,V4.VT,0.8785280281286304
2_AN_LN,FRUE,0.5,VT.FLO,-0.9736139009893201
2_AN_LN,FRUE,0.5,FLO.GF,0.6137562355189938
2_AN_LN,FRUE,0.75,P.V1,-1.3110630164828583
2_AN_LN,FRUE,0.75,V1.V4,-0.5631658959753916
2_AN_LN,FRUE,0.75,V4.VT,0.950363219820322
2_AN_LN,FRUE,0.75,VT.FLO,-0.9959968344452538
2_AN_LN,FRUE,0.75,FLO.GF,0.1621656799422936
2_AN_LN,n,0.25,P.V1,0.9265946172902112
2_AN_LN,n,0.25,V1.V4,-1.136974077906667
2_AN_LN,n,0.25,V4.VT,0.03105093650536253
2_AN_LN,n,0.25,VT.FLO,-0.8537496357501609
2_AN_LN,n,0.25,FLO.GF,-0.9849858258111571
2_AN_LN,N,0.25,P.V1,0.7607120309471511
2_AN_LN,N,0.25,V1.V4,0.7312828264151395
2_AN_LN,N,0.25,V4.VT,0.7086389701737678
2_AN_LN,N,0.25,VT.FLO,0.6857159510748116
2_AN_LN,N,0.25,FLO.GF,0.6520674907575033
2_AN_LN,n,0.5,P.V1,0.8611660925818593
2_AN_LN,n,0.5,V1.V4,-0.892902004469451
2_AN_LN,n,0.5,V4.VT,-0.8441855144244235
2_AN_LN,n,0.5,VT.FLO,-0.8400607791604698
2_AN_LN,n,0.5,FLO.GF,-0.5838526007034165
2_AN_LN,N,0.5,P.V1,0.7676562628516798
2_AN_LN,N,0.5,V1.V4,0.7374191987595626
2_AN_LN,N,0.5,V4.VT,0.7136477994649147
2_AN_LN,N,0.5,VT.FLO,0.6916570978079417
2_AN_LN,N,0.5,FLO.GF,0.662608518347142
2_AN_LN,n,0.75,P.V1,0.8556965163793929
2_AN_LN,n,0.75,V1.V4,-0.8443878515969894
2_AN_LN,n,0.75,V4.VT,-0.8350515184892582
2_AN_LN,n,0.75,VT.FLO,1.1651201451929387
2_AN_LN,n,0.75,FLO.GF,-0.8441386800657242
2_AN_LN,N,0.75,P.V1,0.7757352879558213
2_AN_LN,N,0.75,V1.V4,0.7444702295227574
2_AN_LN,N,0.75,V4.VT,0.7189811329437411
2_AN_LN,N,0.75,VT.FLO,0.69737349733992
2_AN_LN,N,0.75,FLO.GF,0.6711345267528426
2_AN_LN,PETP,0.25,P.V1,-0.44792726239257014
2_AN_LN,PETP,0.25,V1.V4,0.6899864475769756
2_AN_LN,PETP,0.25,V4.VT,-0.36843110277692764
2_AN_LN,PETP,0.25,VT.FLO,0.23001529192171732
2_AN_LN,PETP,0.25,FLO.GF,1.0095116586755108
2_AN_LN,PETP,0.5,V1.V4,-0.7906164970317815
2_AN_LN,PETP,0.5,V4.VT,-0.012107213891230435
2_AN_LN,PETP,0.5,VT.FLO,0.7735523296691564
2_AN_LN,PETP,0.5,FLO.GF,0.9302298336652484
2_AN_LN,PETP,0.75,V1.V4,-0.721222248920485
2_AN_LN,PETP,0.75,V4.VT,-0.4268474888589093
2_AN_LN,PETP,0.75,VT.FLO,0.8655478257733079
2_AN_LN,PETP,0.75,FLO.GF,0.28268100041590116
2_AN_LN,PRECTOT,0.25,P.V1,0.8640955146898106
2_AN_LN,PRECTOT,0.25,V1.V4,-1.1364782633399642
2_AN_LN,PRECTOT,0.25,V4.VT,0.029411764705882384
2_AN_LN,PRECTOT,0.25,VT.FLO,0.7996127381260576
2_AN_LN,PRECTOT,0.25,FLO.GF,0.481125224324688
2_AN_LN,PRECTOT,0.5,V1.V4,-1.0410950178091234
2_AN_LN,PRECTOT,0.5,V4.VT,-0.6098249109367484
2_AN_LN,PRECTOT,0.5,VT.FLO,0.3312945782245396
2_AN_LN,PRECTOT,0.5,FLO.GF,-0.32679775068373945
2_AN_LN,PRECTOT,0.75,V1.V4,-0.9794082772535884
2_AN_LN,PRECTOT,0.75,V4.VT,-0.4512823898748663
2_AN_LN,PRECTOT,0.75,VT.FLO,0.8644825911494067
2_AN_LN,PRECTOT,0.75,FLO.GF,0.0928441171727976
2_AN_LN,RH2M,0.25,V1.V4,-1.2150466715061916
2_AN_LN,RH2M,0.25,VT.FLO,0.8204724249620269
2_AN_LN,RH2M,0.25,FLO.GF,0.5008997785644775
2_AN_LN,RH2M,0.5,V1.V4,-1.4642913979257834
2_AN_LN,RH2M,0.5,V4.VT,-0.6523978373759876
2_AN_LN,RH2M,0.5,VT.FLO,-0.004223207961003398
2_AN_LN,RH2M,0.5,FLO.GF,0.5647230143042571
2_AN_LN,RH2M,0.75,P.V1,0.862120641267623
2_AN_LN,RH2M,0.75,V1.V4,-0.8646388236415679
2_AN_LN,RH2M,0.75,V4.VT,-0.593163393858321
2_AN_LN,RH2M,0.75,VT.FLO,0.5999743374964356
2_AN_LN,RH2M,0.75,FLO.GF,0.14898010489923114
2_AN_LN,RTA,0.25,P.V1,0.7400030339101215
2_AN_LN,RTA,0.25,V1.V4,0.7108586539579882
2_AN_LN,RTA,0.25,V4.VT,0.691242631257711
2_AN_LN,RTA,0.25,VT.FLO,0.6731205164378725
2_AN_LN,RTA,0.25,FLO.GF,0.6453298413910452
2_AN_LN,RTA,0.5,P.V1,0.7472489263203538
2_AN_LN,RTA,0.5,V1.V4,0.7166536373018956
2_AN_LN,RTA,0.5,V4.VT,0.6953491826585836
2_AN_LN,RTA,0.5,VT.FLO,0.6778106506680529
2_AN_LN,RTA,0.5,FLO.GF,0.6542468295960299
2_AN_LN,RTA,0.75,P.V1,0.7557931362066023
2_AN_LN,RTA,0.75,V1.V4,0.7235254129514042
2_AN_LN,RTA,0.75,V4.VT,0.6998561713284336
2_AN_LN,RTA,0.75,VT.FLO,0.6822967816665207
2_AN_LN,RTA,0.75,FLO.GF,0.6613334528297775
2_AN_LN,SPV,0.25,P.V1,-0.715316810616963
2_AN_LN,SPV,0.25,V1.V4,-0.8451631850771676
2_AN_LN,SPV,0.25,V4.VT,0.8609114678051216
2_AN_LN,SPV,0.25,VT.FLO,-0.865905322549152
2_AN_LN,SPV,0.25,FLO.GF,0.8524037249628644
2_AN_LN,SPV,0.5,P.V1,-1.0901343509779065
2_AN_LN,SPV,0.5,V1.V4,-0.43826974129387036
2_AN_LN,SPV,0.5,V4.VT,0.8800997834000801
2_AN_LN,SPV,0.5,VT.FLO,-0.9697968558895508
2_AN_LN,SPV,0.5,FLO.GF,0.6100542619302645
2_AN_LN,SPV,0.75,P.V1,-1.3048725699695267
2_AN_LN,SPV,0.75,V1.V4,-0.5630895628034935
2_AN_LN,SPV,0.75,V4.VT,0.9524873157749784
2_AN_LN,SPV,0.75,VT.FLO,-0.9939011669852721
2_AN_LN,SPV,0.75,FLO.GF,0.15453331204492907
2_AN_LN,SRAD,0.25,V1.V4,-1.1452717708784412
2_AN_LN,SRAD,0.25,V4.VT,0.10095329663269242
2_AN_LN,SRAD,0.25,VT.FLO,-0.8603183506152741
2_AN_LN,SRAD,0.25,FLO.GF,-0.601871392490229
2_AN_LN,SRAD,0.5,V1.V4,-0.9093943931545116
2_AN_LN,SRAD,0.5,V4.VT,-0.8341283707209928
2_AN_LN,SRAD,0.5,VT.FLO,-0.8647199536697662
2_AN_LN,SRAD,0.5,FLO.GF,-0.541143682961892
2_AN_LN,SRAD,0.75,V1.V4,-0.890038850735308
2_AN_LN,SRAD,0.75,V4.VT,-0.865997126788896
2_AN_LN,SRAD,0.75,VT.FLO,0.8137905232515589
2_AN_LN,SRAD,0.75,FLO.GF,-0.7634427930214718
2_AN_LN,T2M_MAX,0.25,P.V1,-0.8489703622321378
2_AN_LN,T2M_MAX,0.25,V1.V4,-0.27768405380024436
2_AN_LN,T2M_MAX,0.25,V4.VT,0.8660254037844347
2_AN_LN,T2M_MAX,0.25,VT.FLO,-0.9095955658175982
2_AN_LN,T2M_MAX,0.25,FLO.GF,0.5253617632136411
2_AN_LN,T2M_MAX,0.5,P.V1,-1.1841516827582925
2_AN_LN,T2M_MAX,0.5,V1.V4,0.052473114416522665
2_AN_LN,T2M_MAX,0.5,V4.VT,0.8654217600375402
2_AN_LN,T2M_MAX,0.5,VT.FLO,-0.8942546552512254
2_AN_LN,T2M_MAX,0.5,FLO.GF,0.6757910636183283
2_AN_LN,T2M_MAX,0.75,P.V1,-0.8656878432746332
2_AN_LN,T2M_MAX,0.75,V1.V4,-0.6311700297548356
2_AN_LN,T2M_MAX,0.75,V4.VT,0.851028158781263
2_AN_LN,T2M_MAX,0.75,VT.FLO,-1.022494192495887
2_AN_LN,T2M_MAX,0.75,FLO.GF,-0.25611820818608844
2_AN_LN,T2M_MIN,0.25,P.V1,-0.37242983969536525
2_AN_LN,T2M_MIN,0.25,V1.V4,0.2899291830134564
2_AN_LN,T2M_MIN,0.25,V4.VT,0.9547648593877356
2_AN_LN,T2M_MIN,0.25,VT.FLO,-0.8616271798365129
2_AN_LN,T2M_MIN,0.25,FLO.GF,0.8021065500158602
2_AN_LN,T2M_MIN,0.5,P.V1,-1.2662070597226402
2_AN_LN,T2M_MIN,0.5,V1.V4,-0.7187952884282638
2_AN_LN,T2M_MIN,0.5,V4.VT,0.9048751049805583
2_AN_LN,T2M_MIN,0.5,VT.FLO,-0.8573797266002879
2_AN_LN,T2M_MIN,0.5,FLO.GF,0.46697780230024694
2_AN_LN,T2M_MIN,0.75,P.V1,-1.430206780058069
2_AN_LN,T2M_MIN,0.75,V1.V4,-0.7645586166838302
2_AN_LN,T2M_MIN,0.75,V4.VT,0.9877827316112352
2_AN_LN,T2M_MIN,0.75,VT.FLO,-1.1776236992835465
2_AN_LN,T2M_MIN,0.75,FLO.GF,-0.23368050273877478
2_AN_LN,T2M,0.25,P.V1,-0.7256721692924104
2_AN_LN,T2M,0.25,V1.V4,-0.8072225100587366
2_AN_LN,T2M,0.25,V4.VT,0.8503573188496171
2_AN_LN,T2M,0.25,VT.FLO,-0.8660247195182645
2_AN_LN,T2M,0.25,FLO.GF,0.7679543906194565
2_AN_LN,T2M,0.5,P.V1,-1.0638450575631142
2_AN_LN,T2M,0.5,V1.V4,-0.1376701441564553
2_AN_LN,T2M,0.5,V4.VT,0.8657307511211239
2_AN_LN,T2M,0.5,VT.FLO,-0.8681532621151967
2_AN_LN,T2M,0.5,FLO.GF,0.47175284866194106
2_AN_LN,T2M,0.75,P.V1,-1.2289181047495985
2_AN_LN,T2M,0.75,V1.V4,-0.36447571931697414
2_AN_LN,T2M,0.75,V4.VT,0.9209401941068162
2_AN_LN,T2M,0.75,VT.FLO,-0.8850711057743137
2_AN_LN,T2M,0.75,FLO.GF,0.22998615035827918
2_AN_LN,T2M_RANGE,0.25,P.V1,-0.8486216546046585
2_AN_LN,T2M_RANGE,0.25,V1.V4,1.0323081376444918
2_AN_LN,T2M_RANGE,0.25,V4.VT,0.832494796923779
2_AN_LN,T2M_RANGE,0.25,VT.FLO,-0.7735106804056853
2_AN_LN,T2M_RANGE,0.25,FLO.GF,0.0633581926800528
2_AN_LN,T2M_RANGE,0.5,P.V1,-0.8029968108566502
2_AN_LN,T2M_RANGE,0.5,V1.V4,-0.2100420126042014
2_AN_LN,T2M_RANGE,0.5,V4.VT,0.48546959216133917
2_AN_LN,T2M_RANGE,0.5,VT.FLO,-0.6851228418389218
2_AN_LN,T2M_RANGE,0.5,FLO.GF,-0.7291881967758542
2_AN_LN,T2M_RANGE,0.75,P.V1,-0.835009125440302
2_AN_LN,T2M_RANGE,0.75,V1.V4,-0.5805909156926967
2_AN_LN,T2M_RANGE,0.75,V4.VT,0.009474524094762045
2_AN_LN,T2M_RANGE,0.75,VT.FLO,-0.8660254037844387
2_AN_LN,T2M_RANGE,0.75,FLO.GF,-0.667382938490998
2_AN_LN,T2MDEW,0.25,P.V1,-0.6599120175960933
2_AN_LN,T2MDEW,0.25,V1.V4,-0.8633317980390535
2_AN_LN,T2MDEW,0.25,V4.VT,1.4025998165382583
2_AN_LN,T2MDEW,0.25,VT.FLO,-0.864202499316409
2_AN_LN,T2MDEW,0.25,FLO.GF,0.8063737027069953
2_AN_LN,T2MDEW,0.5,P.V1,-1.1250858553097969
2_AN_LN,T2MDEW,0.5,V1.V4,-0.9199957811456619
2_AN_LN,T2MDEW,0.5,V4.VT,1.0419168425891736
2_AN_LN,T2MDEW,0.5,VT.FLO,-0.8503728798268286
2_AN_LN,T2MDEW,0.5,FLO.GF,0.625342855554434
2_AN_LN,T2MDEW,0.75,P.V1,-1.1347364340884967
2_AN_LN,T2MDEW,0.75,V1.V4,-0.8627442470156423
2_AN_LN,T2MDEW,0.75,V4.VT,1.0667940925146284
2_AN_LN,T2MDEW,0.75,VT.FLO,-0.8013602410759161
2_AN_LN,T2MDEW,0.75,FLO.GF,0.658328880218009
2_AN_LN,VPD,0.25,P.V1,-0.8660254037844386
2_AN_LN,VPD,0.25,V1.V4,1.358636258347072
2_AN_LN,VPD,0.25,V4.VT,0.8654141523197455
2_AN_LN,VPD,0.25,VT.FLO,-0.7196304732186712
2_AN_LN,VPD,0.25,FLO.GF,-0.20319320317427708
2_AN_LN,VPD,0.5,P.V1,-0.9988085072986881
2_AN_LN,VPD,0.5,V1.V4,-0.25528506245386584
2_AN_LN,VPD,0.5,V4.VT,0.6090326744721043
2_AN_LN,VPD,0.5,VT.FLO,-0.7624439305466137
2_AN_LN,VPD,0.5,FLO.GF,0.6375132442037291
2_AN_LN,VPD,0.75,P.V1,-0.9098391516881144
2_AN_LN,VPD,0.75,V1.V4,1.2375765595950847
2_AN_LN,VPD,0.75,V4.VT,0.7730808731904631
2_AN_LN,VPD,0.75,VT.FLO,-0.8537317612451167
2_AN_LN,VPD,0.75,FLO.GF,-0.10717360158944107
2_AN_LN,WS2M,0.25,P.V1,-0.44629623331241813
2_AN_LN,WS2M,0.25,V1.V4,0.816496580927726
2_AN_LN,WS2M,0.25,V4.VT,-0.8565861529340602
2_AN_LN,WS2M,0.25,VT.FLO,0.9075641377705785
2_AN_LN,WS2M,0.25,FLO.GF,0.7366756612650734
2_AN_LN,WS2M,0.5,P.V1,0.46205067243422054
2_AN_LN,WS2M,0.5,V1.V4,0.8254259726482812
2_AN_LN,WS2M,0.5,V4.VT,-0.5317050689751145
2_AN_LN,WS2M,0.5,VT.FLO,0.8660254037844386
2_AN_LN,WS2M,0.5,FLO.GF,0.6405437894369336
2_AN_LN,WS2M,0.75,P.V1,0.5459708300428694
2_AN_LN,WS2M,0.75,V1.V4,0.9776720996668987
2_AN_LN,WS2M,0.75,V4.VT,-1.0793850228352084
2_AN_LN,WS2M,0.75,VT.FLO,0.8660254037844386
2_AN_LN,WS2M,0.75,FLO.GF,0.842426398145239
2_PI_LN,ETP,0.25,P.V1,0.7843655797003742
2_PI_LN,ETP,0.25,V1.V4,-0.5135889016682623
2_PI_LN,ETP,0.25,V4.VT,-1.387085493736835
2_PI_LN,ETP,0.25,VT.FLO,-0.8571014612250499
2_PI_LN,ETP,0.25,FLO.GF,1.1250669699971416
2_PI_LN,ETP,0.5,P.V1,0.863493144205175
2_PI_LN,ETP,0.5,V1.V4,-0.5986161559548334
2_PI_LN,ETP,0.5,V4.VT,-0.8397850491533936
2_PI_LN,ETP,0.5,VT.FLO,-0.8493318588401805
2_PI_LN,ETP,0.5,FLO.GF,-0.4612442595020721
2_PI_LN,ETP,0.75,P.V1,0.8589776807606984
2_PI_LN,ETP,0.75,V1.V4,-0.5817738363631977
2_PI_LN,ETP,0.75,V4.VT,-0.856313056405978
2_PI_LN,ETP,0.75,VT.FLO,0.6871417980608635
2_PI_LN,ETP,0.75,FLO.GF,-0.8096090850630387
2_PI_LN,FRUE,0.25,P.V1,-0.7220950349652627
2_PI_LN,FRUE,0.25,V1.V4,-0.8870160665005753
2_PI_LN,FRUE,0.25,V4.VT,0.8606866670144088
2_PI_LN,FRUE,0.25,VT.FLO,-0.8659165811943351
2_PI_LN,FRUE,0.25,FLO.GF,0.8630812499563151
2_PI_LN,FRUE,0.5,P.V1,-0.5200717733598202
2_PI_LN,FRUE,0.5,V1.V4,-0.8535646259999814
2_PI_LN,FRUE,0.5,V4.VT,0.8195911373527063
2_PI_LN,FRUE,0.5,VT.FLO,-0.75128769909567406
2_PI_LN,FRUE,0.5,FLO.GF,1.033894524575295
2_PI_LN,FRUE,0.75,P.V1,-0.2451581250333831
2_PI_LN,FRUE,0.75,V1.V4,-0.76389829454086
2_PI_LN,FRUE,0.75,V4.VT,0.7747941109378588
2_PI_LN,FRUE,0.75,VT.FLO,-0.7242963340222919
2_PI_LN,FRUE,0.75,FLO.GF,0.680766585341497
2_PI_LN,n,0.25,P.V1,0.7662060871271513
2_PI_LN,n,0.25,V1.V4,-0.5294073365375715
2_PI_LN,n,0.25,V4.VT,-1.421266167488756
2_PI_LN,n,0.25,VT.FLO,-0.8611696688416103
2_PI_LN,n,0.25,FLO.GF,0.22266119351854344
2_PI_LN,N,0.25,P.V1,0.9024828961076286
2_PI_LN,N,0.25,V1.V4,0.9303687916882123
2_PI_LN,N,0.25,V4.VT,0.9497153340502569
2_PI_LN,N,0.25,VT.FLO,0.9679861457571597
2_PI_LN,N,0.25,FLO.GF,0.996732157805095
2_PI_LN,n,0.5,P.V1,0.860488534163421
2_PI_LN,n,0.5,V1.V4,-0.6357631467543107
2_PI_LN,n,0.5,V4.VT,-0.8498304310343785
2_PI_LN,n,0.5,VT.FLO,-0.8906156954466166
2_PI_LN,n,0.5,FLO.GF,-0.5948012129046523
2_PI_LN,N,0.5,P.V1,0.8956337179539572
2_PI_LN,N,0.5,V1.V4,0.924757020142742
2_PI_LN,N,0.5,V4.VT,0.9456248702088137
2_PI_LN,N,0.5,VT.FLO,0.963211049347295
2_PI_LN,N,0.5,FLO.GF,0.9875138825957805
2_PI_LN,n,0.75,P.V1,0.8547240139950303
2_PI_LN,n,0.75,V1.V4,-0.5446062284824003
2_PI_LN,n,0.75,V4.VT,-0.8445385049112221
2_PI_LN,n,0.75,VT.FLO,0.2648399611513844
2_PI_LN,n,0.75,FLO.GF,-0.8608106585111821
2_PI_LN,N,0.75,P.V1,0.88757744329471
2_PI_LN,N,0.75,V1.V4,0.9181553582296837
2_PI_LN,N,0.75,V4.VT,0.9411568933966646
2_PI_LN,N,0.75,VT.FLO,0.9586795673038266
2_PI_LN,N,0.75,FLO.GF,0.9801509897577511
2_PI_LN,PETP,0.25,P.V1,1.4821625756591685
2_PI_LN,PETP,0.25,V1.V4,1.0256464529323428
2_PI_LN,PETP,0.25,V4.VT,-0.41323842774746805
2_PI_LN,PETP,0.25,VT.FLO,1.3183756181249484
2_PI_LN,PETP,0.25,FLO.GF,0.7094632064392665
2_PI_LN,PETP,0.5,V1.V4,-0.7717389252073265
2_PI_LN,PETP,0.5,V4.VT,-0.22454980173757444
2_PI_LN,PETP,0.5,VT.FLO,0.9075257762652986
2_PI_LN,PETP,0.5,FLO.GF,0.1712129104865579
2_PI_LN,PETP,0.75,V1.V4,-0.5886105474228779
2_PI_LN,PETP,0.75,V4.VT,-0.434674269230752
2_PI_LN,PETP,0.75,VT.FLO,0.8609576824739218
2_PI_LN,PETP,0.75,FLO.GF,-0.17374487560677201
2_PI_LN,PRECTOT,0.25,P.V1,0.8640955146898106
2_PI_LN,PRECTOT,0.25,V1.V4,0.9230551152949004
2_PI_LN,PRECTOT,0.25,V4.VT,-0.9901960784313726
2_PI_LN,PRECTOT,0.25,VT.FLO,0.7996127381260576
2_PI_LN,PRECTOT,0.25,FLO.GF,1.0584754935143137
2_PI_LN,PRECTOT,0.5,V1.V4,-0.3212131236566442
2_PI_LN,PRECTOT,0.5,V4.VT,-1.0340509359362249
2_PI_LN,PRECTOT,0.5,VT.FLO,1.2147467868233117
2_PI_LN,PRECTOT,0.5,FLO.GF,0.18471177212559203
2_PI_LN,PRECTOT,0.75,V1.V4,-0.7259143701997183
2_PI_LN,PRECTOT,0.75,V4.VT,-0.4512823898748663
2_PI_LN,PRECTOT,0.75,VT.FLO,0.8644825911494067
2_PI_LN,PRECTOT,0.75,FLO.GF,0.0928441171727976
2_PI_LN,RH2M,0.25,V1.V4,0.08634849442176021
2_PI_LN,RH2M,0.25,VT.FLO,0.8204724249620269
2_PI_LN,RH2M,0.25,FLO.GF,0.7890279697741321
2_PI_LN,RH2M,0.5,V1.V4,0.6742551088123419
2_PI_LN,RH2M,0.5,V4.VT,-1.0238699155971887
2_PI_LN,RH2M,0.5,VT.FLO,-0.004223207961003398
2_PI_LN,RH2M,0.5,FLO.GF,0.7956820525733445
2_PI_LN,RH2M,0.75,P.V1,0.862120641267623
2_PI_LN,RH2M,0.75,V1.V4,-0.787782039317875
2_PI_LN,RH2M,0.75,V4.VT,-1.0715209695505161
2_PI_LN,RH2M,0.75,VT.FLO,0.5999743374964356
2_PI_LN,RH2M,0.75,FLO.GF,0.39802147428300627
2_PI_LN,RTA,0.25,P.V1,0.9005675722454829
2_PI_LN,RTA,0.25,V1.V4,0.9296435525563401
2_PI_LN,RTA,0.25,V4.VT,0.9514390032814144
2_PI_LN,RTA,0.25,VT.FLO,0.9730314602689225
2_PI_LN,RTA,0.25,FLO.GF,1.0023001570742693
2_PI_LN,RTA,0.5,P.V1,0.893445501819526
2_PI_LN,RTA,0.5,V1.V4,0.9236875222294645
2_PI_LN,RTA,0.5,V4.VT,0.9466356034396033
2_PI_LN,RTA,0.5,VT.FLO,0.9675321238119948
2_PI_LN,RTA,0.5,FLO.GF,0.9934608146434073
2_PI_LN,RTA,0.75,P.V1,0.8849920019750026
2_PI_LN,RTA,0.75,V1.V4,0.9167900673689675
2_PI_LN,RTA,0.75,V4.VT,0.9415092908694978
2_PI_LN,RTA,0.75,VT.FLO,0.9621644396067818
2_PI_LN,RTA,0.75,FLO.GF,0.9861048606493265
2_PI_LN,SPV,0.25,P.V1,-0.715316810616963
2_PI_LN,SPV,0.25,V1.V4,-0.8866393053139968
2_PI_LN,SPV,0.25,V4.VT,0.8609114678051216
2_PI_LN,SPV,0.25,VT.FLO,-0.865905322549152
2_PI_LN,SPV,0.25,FLO.GF,0.8638656274143437
2_PI_LN,SPV,0.5,P.V1,-0.5309321273338533
2_PI_LN,SPV,0.5,V1.V4,-0.8482056813136468
2_PI_LN,SPV,0.5,V4.VT,0.819576389469645
2_PI_LN,SPV,0.5,VT.FLO,-0.7556202504475443
2_PI_LN,SPV,0.5,FLO.GF,1.0385268586297687
2_PI_LN,SPV,0.75,P.V1,-0.25738739558781615
2_PI_LN,SPV,0.75,V1.V4,-0.7617449367874015
2_PI_LN,SPV,0.75,V4.VT,0.772564589597887
2_PI_LN,SPV,0.75,VT.FLO,-0.726710434850771
2_PI_LN,SPV,0.75,FLO.GF,0.6848241027700176
2_PI_LN,SRAD,0.25,V1.V4,-0.5268250146040827
2_PI_LN,SRAD,0.25,V4.VT,-1.4076318153124645
2_PI_LN,SRAD,0.25,VT.FLO,-0.8603183506152741
2_PI_LN,SRAD,0.25,FLO.GF,1.0004078550851052
2_PI_LN,SRAD,0.5,V1.V4,-0.6220952727693916
2_PI_LN,SRAD,0.5,V4.VT,-0.8341283707209928
2_PI_LN,SRAD,0.5,VT.FLO,-0.8647199536697662
2_PI_LN,SRAD,0.5,FLO.GF,-0.43082789084293877
2_PI_LN,SRAD,0.75,V1.V4,-0.4411496912340285
2_PI_LN,SRAD,0.75,V4.VT,-0.865997126788896
2_PI_LN,SRAD,0.75,VT.FLO,0.6715194527530345
2_PI_LN,SRAD,0.75,FLO.GF,-0.7634427930214718
2_PI_LN,T2M_MAX,0.25,P.V1,-0.8489703622321378
2_PI_LN,T2M_MAX,0.25,V1.V4,-1.2495782421011243
2_PI_LN,T2M_MAX,0.25,V4.VT,0.8660254037844347
2_PI_LN,T2M_MAX,0.25,VT.FLO,-0.8213242713844814
2_PI_LN,T2M_MAX,0.25,FLO.GF,0.5253617632136411
2_PI_LN,T2M_MAX,0.5,P.V1,-0.4733763629754037
2_PI_LN,T2M_MAX,0.5,V1.V4,-0.9370199002951389
2_PI_LN,T2M_MAX,0.5,V4.VT,0.8654217600375402
2_PI_LN,T2M_MAX,0.5,VT.FLO,-0.8372297207134665
2_PI_LN,T2M_MAX,0.5,FLO.GF,0.8958160610754595
2_PI_LN,T2M_MAX,0.75,P.V1,-0.8656878432746332
2_PI_LN,T2M_MAX,0.75,V1.V4,-0.7397584219707295
2_PI_LN,T2M_MAX,0.75,V4.VT,0.851028158781263
2_PI_LN,T2M_MAX,0.75,VT.FLO,-0.6924258917603742
2_PI_LN,T2M_MAX,0.75,FLO.GF,0.21783719486290384
2_PI_LN,T2M_MIN,0.25,P.V1,0.17409442210611598
2_PI_LN,T2M_MIN,0.25,V1.V4,-1.3781565274749148
2_PI_LN,T2M_MIN,0.25,V4.VT,0.7664276816454941
2_PI_LN,T2M_MIN,0.25,VT.FLO,-0.8616271798365129
2_PI_LN,T2M_MIN,0.25,FLO.GF,0.8412655353705824
2_PI_LN,T2M_MIN,0.5,P.V1,-0.3290144328413135
2_PI_LN,T2M_MIN,0.5,V1.V4,-0.9042908467323265
2_PI_LN,T2M_MIN,0.5,V4.VT,0.7594487488229685
2_PI_LN,T2M_MIN,0.5,VT.FLO,-0.8573797266002879
2_PI_LN,T2M_MIN,0.5,FLO.GF,1.1279309994021314
2_PI_LN,T2M_MIN,0.75,P.V1,0.39616056349026635
2_PI_LN,T2M_MIN,0.75,V1.V4,-0.9618640661506305
2_PI_LN,T2M_MIN,0.75,V4.VT,0.7086267422428453
2_PI_LN,T2M_MIN,0.75,VT.FLO,-0.42235449130422187
2_PI_LN,T2M_MIN,0.75,FLO.GF,0.5393598630781526
2_PI_LN,T2M,0.25,P.V1,-0.7256721692924104
2_PI_LN,T2M,0.25,V1.V4,-0.9217221568755806
2_PI_LN,T2M,0.25,V4.VT,0.8503573188496171
2_PI_LN,T2M,0.25,VT.FLO,-0.8660247195182645
2_PI_LN,T2M,0.25,FLO.GF,0.7679543906194565
2_PI_LN,T2M,0.5,P.V1,-0.6187216025157862
2_PI_LN,T2M,0.5,V1.V4,-0.845688028389626
2_PI_LN,T2M,0.5,V4.VT,0.8657307511211239
2_PI_LN,T2M,0.5,VT.FLO,-0.8637961566591614
2_PI_LN,T2M,0.5,FLO.GF,1.1160982029319062
2_PI_LN,T2M,0.75,P.V1,-0.39195709336138207
2_PI_LN,T2M,0.75,V1.V4,-0.9971505528483253
2_PI_LN,T2M,0.75,V4.VT,0.8093110796696251
2_PI_LN,T2M,0.75,VT.FLO,-0.8389936512437618
2_PI_LN,T2M,0.75,FLO.GF,0.5613071945525793
2_PI_LN,T2M_RANGE,0.25,P.V1,-0.8486216546046585
2_PI_LN,T2M_RANGE,0.25,V1.V4,0.6814583130855816
2_PI_LN,T2M_RANGE,0.25,V4.VT,0.832494796923779
2_PI_LN,T2M_RANGE,0.25,VT.FLO,-0.7735106804056853
2_PI_LN,T2M_RANGE,0.25,FLO.GF,-1.1143588006668963
2_PI_LN,T2M_RANGE,0.5,P.V1,-0.8386855580058349
2_PI_LN,T2M_RANGE,0.5,V1.V4,-1.3302660798266035
2_PI_LN,T2M_RANGE,0.5,V4.VT,0.7785833081832899
2_PI_LN,T2M_RANGE,0.5,VT.FLO,-0.7327835612711939
2_PI_LN,T2M_RANGE,0.5,FLO.GF,-0.7291881967758542
2_PI_LN,T2M_RANGE,0.75,P.V1,-0.8649199000829391
2_PI_LN,T2M_RANGE,0.75,V1.V4,-0.5805909156926967
2_PI_LN,T2M_RANGE,0.75,V4.VT,0.3126592951272148
2_PI_LN,T2M_RANGE,0.75,VT.FLO,-0.8660254037844387
2_PI_LN,T2M_RANGE,0.75,FLO.GF,-1.044065333222117
2_PI_LN,T2MDEW,0.25,P.V1,-0.25139505432232045
2_PI_LN,T2MDEW,0.25,V1.V4,-0.8633317980390535
2_PI_LN,T2MDEW,0.25,V4.VT,0.03339523372709489
2_PI_LN,T2MDEW,0.25,VT.FLO,-0.864202499316409
2_PI_LN,T2MDEW,0.25,FLO.GF,0.8481186743743132
2_PI_LN,T2MDEW,0.5,P.V1,-0.49580054640770344
2_PI_LN,T2MDEW,0.5,V1.V4,-0.8090415160828649
2_PI_LN,T2MDEW,0.5,V4.VT,0.6630379907385572
2_PI_LN,T2MDEW,0.5,VT.FLO,-0.8503728798268286
2_PI_LN,T2MDEW,0.5,FLO.GF,0.9308538689550835
2_PI_LN,T2MDEW,0.75,P.V1,-0.5427000336945034
2_PI_LN,T2MDEW,0.75,V1.V4,-0.8627442470156423
2_PI_LN,T2MDEW,0.75,V4.VT,0.32715018837113813
2_PI_LN,T2MDEW,0.75,VT.FLO,-0.41827095509816187
2_PI_LN,T2MDEW,0.75,FLO.GF,0.8028784195498894
2_PI_LN,VPD,0.25,P.V1,-0.8660254037844386
2_PI_LN,VPD,0.25,V1.V4,-0.9419014142911121
2_PI_LN,VPD,0.25,V4.VT,0.8654141523197455
2_PI_LN,VPD,0.25,VT.FLO,-0.7196304732186712
2_PI_LN,VPD,0.25,FLO.GF,-0.6782073809242006
2_PI_LN,VPD,0.5,P.V1,-0.6743030420192385
2_PI_LN,VPD,0.5,V1.V4,-1.252266530692673
2_PI_LN,VPD,0.5,V4.VT,1.0764136263032857
2_PI_LN,VPD,0.5,VT.FLO,-0.7624439305466137
2_PI_LN,VPD,0.5,FLO.GF,0.6375132442037291
2_PI_LN,VPD,0.75,P.V1,-0.8209094817718459
2_PI_LN,VPD,0.75,V1.V4,0.13130617183593832
2_PI_LN,VPD,0.75,V4.VT,0.9415432853912694
2_PI_LN,VPD,0.75,VT.FLO,-0.8537317612451167
2_PI_LN,VPD,0.75,FLO.GF,-0.10717360158944107
2_PI_LN,WS2M,0.25,P.V1,-1.140534818465069
2_PI_LN,WS2M,0.25,V1.V4,0.816496580927726
2_PI_LN,WS2M,0.25,V4.VT,-0.8565861529340602
2_PI_LN,WS2M,0.25,VT.FLO,0.8234655304095982
2_PI_LN,WS2M,0.25,FLO.GF,0.9152637003596369
2_PI_LN,WS2M,0.5,P.V1,-1.283474090095057
2_PI_LN,WS2M,0.5,V1.V4,0.8254259726482812
2_PI_LN,WS2M,0.5,V4.VT,-0.5317050689751145
2_PI_LN,WS2M,0.5,VT.FLO,0.8660254037844386
2_PI_LN,WS2M,0.5,FLO.GF,0.8203455548929149
2_PI_LN,WS2M,0.75,P.V1,-1.3530581440192886
2_PI_LN,WS2M,0.75,V1.V4,0.663019010118932
2_PI_LN,WS2M,0.75,V4.VT,-0.6222337190461783
2_PI_LN,WS2M,0.75,VT.FLO,0.8660254037844386
2_PI_LN,WS2M,0.75,FLO.GF,0.842426398145239
1_AN_IN,ETP,0.25,P.V1,-0.6022571909699863
1_AN_IN,ETP,0.25,V1.V4,0.9328487249544366
1_AN_IN,ETP,0.25,V4.VT,0.3209201184108597
1_AN_IN,ETP,0.25,VT.FLO,0.9888202218212767
1_AN_IN,ETP,0.25,FLO.GF,0.5320295356031393
1_AN_IN,ETP,0.5,P.V1,-0.7349399008928061
1_AN_IN,ETP,0.5,V1.V4,1.33735738942781
1_AN_IN,ETP,0.5,V4.VT,0.5711734180928262
1_AN_IN,ETP,0.5,VT.FLO,0.8635714460646632
1_AN_IN,ETP,0.5,FLO.GF,1.4955492793362526
1_AN_IN,ETP,0.75,P.V1,-0.6679847544507369
1_AN_IN,ETP,0.75,V1.V4,1.3375001121184706
1_AN_IN,ETP,0.75,V4.VT,0.8554711178988699
1_AN_IN,ETP,0.75,VT.FLO,-1.392937931394066
1_AN_IN,ETP,0.75,FLO.GF,1.2006300466274107
1_AN_IN,FRUE,0.25,P.V1,1.3982292826979388
1_AN_IN,FRUE,0.25,V1.V4,0.865896636345799
1_AN_IN,FRUE,0.25,V4.VT,-0.9964692964161718
1_AN_IN,FRUE,0.25,VT.FLO,0.8465014112123994
1_AN_IN,FRUE,0.25,FLO.GF,-1.0278540704833776
1_AN_IN,FRUE,0.5,P.V1,1.12740391137733
1_AN_IN,FRUE,0.5,V1.V4,-0.1454221214666598
1_AN_IN,FRUE,0.5,V4.VT,-1.0884907015178669
1_AN_IN,FRUE,0.5,VT.FLO,0.8624508000424971
1_AN_IN,FRUE,0.5,FLO.GF,-1.1376636200651018
1_AN_IN,FRUE,0.75,P.V1,0.8491708968547566
1_AN_IN,FRUE,0.75,V1.V4,-0.11709389916320115
1_AN_IN,FRUE,0.75,V4.VT,-0.7976944294877455
1_AN_IN,FRUE,0.75,VT.FLO,0.8172465052196217
1_AN_IN,FRUE,0.75,FLO.GF,-1.4594911194806275
1_AN_IN,n,0.25,P.V1,-0.5998607663201788
1_AN_IN,n,0.25,V1.V4,0.9721229010900045
1_AN_IN,n,0.25,V4.VT,0.6154548494855535
1_AN_IN,n,0.25,VT.FLO,1.0292505867088175
1_AN_IN,n,0.25,FLO.GF,1.3003074334569429
1_AN_IN,N,0.25,P.V1,-1.1660620696631525
1_AN_IN,N,0.25,V1.V4,-1.1618063895017567
1_AN_IN,N,0.25,V4.VT,-1.1614436829661492
1_AN_IN,N,0.25,VT.FLO,-1.1625824466575982
1_AN_IN,N,0.25,FLO.GF,-1.1576136089183633
1_AN_IN,n,0.5,P.V1,-0.726840156033091
1_AN_IN,n,0.5,V1.V4,1.3256358177905228
1_AN_IN,n,0.5,V4.VT,0.5917688260555792
1_AN_IN,n,0.5,VT.FLO,0.9070577798540006
1_AN_IN,n,0.5,FLO.GF,1.486744103990658
1_AN_IN,N,0.5,P.V1,-1.1672618294055148
1_AN_IN,N,0.5,V1.V4,-1.162465905671203
1_AN_IN,N,0.5,V4.VT,-1.1612291023984826
1_AN_IN,N,0.5,VT.FLO,-1.16250170946079
1_AN_IN,N,0.5,FLO.GF,-1.1599599269900869
1_AN_IN,n,0.75,P.V1,-0.6622580218817321
1_AN_IN,n,0.75,V1.V4,1.4106537738367741
1_AN_IN,n,0.75,V4.VT,1.1389039816743023
1_AN_IN,n,0.75,VT.FLO,-1.239366308414797
1_AN_IN,n,0.75,FLO.GF,1.0681234293747666
1_AN_IN,N,0.75,P.V1,-1.1686551966354457
1_AN_IN,N,0.75,V1.V4,-1.1634218821167255
1_AN_IN,N,0.75,V4.VT,-1.1611737543263467
1_AN_IN,N,0.75,VT.FLO,-1.162202994676775
1_AN_IN,N,0.75,FLO.GF,-1.1614332850411921
1_AN_IN,PETP,0.25,P.V1,-0.3330878692114682
1_AN_IN,PETP,0.25,V1.V4,-0.8461989829662143
1_AN_IN,PETP,0.25,V4.VT,-0.7018657648155118
1_AN_IN,PETP,0.25,VT.FLO,-0.8456849292774369
1_AN_IN,PETP,0.25,FLO.GF,-0.8520417539801216
1_AN_IN,PETP,0.5,V1.V4,1.309792577180406
1_AN_IN,PETP,0.5,V4.VT,-1.0902714115940513
1_AN_IN,PETP,0.5,VT.FLO,-1.1277688908596375
1_AN_IN,PETP,0.5,FLO.GF,0.31494904341706254
1_AN_IN,PETP,0.75,V1.V4,1.4535230328599618
1_AN_IN,PETP,0.75,V4.VT,-0.6317243281680992
1_AN_IN,PETP,0.75,VT.FLO,-0.9611511588200684
1_AN_IN,PETP,0.75,FLO.GF,1.1463588673734237
1_AN_IN,PRECTOT,0.25,P.V1,-0.7823771998154677
1_AN_IN,PRECTOT,0.25,V1.V4,0.7523165968588494
1_AN_IN,PRECTOT,0.25,V4.VT,-0.4019607843137255
1_AN_IN,PRECTOT,0.25,VT.FLO,-1.2699731723178564
1_AN_IN,PRECTOT,0.25,FLO.GF,-0.28867513459481287
1_AN_IN,PRECTOT,0.5,V1.V4,1.3463613906459335
1_AN_IN,PRECTOT,0.5,V4.VT,0.49968930829265323
1_AN_IN,PRECTOT,0.5,VT.FLO,-1.1043152607484654
1_AN_IN,PRECTOT,0.5,FLO.GF,1.2645652091675135
1_AN_IN,PRECTOT,0.75,V1.V4,1.0254980785361096
1_AN_IN,PRECTOT,0.75,V4.VT,-0.5940349825903856
1_AN_IN,PRECTOT,0.75,VT.FLO,-0.9375558365899603
1_AN_IN,PRECTOT,0.75,FLO.GF,1.1248421888242797
1_AN_IN,RH2M,0.25,V1.V4,1.2273821707092976
1_AN_IN,RH2M,0.25,VT.FLO,-1.212454567098454
1_AN_IN,RH2M,0.25,FLO.GF,0.159578690516115
1_AN_IN,RH2M,0.5,V1.V4,0.606148532164635
1_AN_IN,RH2M,0.5,V4.VT,0.5920336246650442
1_AN_IN,RH2M,0.5,VT.FLO,-1.2205071007310864
1_AN_IN,RH2M,0.5,FLO.GF,0.06900605411698048
1_AN_IN,RH2M,0.75,P.V1,-0.7459483562741108
1_AN_IN,RH2M,0.75,V1.V4,1.1912801570172589
1_AN_IN,RH2M,0.75,V4.VT,0.593163393858321
1_AN_IN,RH2M,0.75,VT.FLO,-1.4831852911713936
1_AN_IN,RH2M,0.75,FLO.GF,0.8818732776572107
1_AN_IN,RTA,0.25,P.V1,-1.2047574091744826
1_AN_IN,RTA,0.25,V1.V4,-1.1976229984045605
1_AN_IN,RTA,0.25,V4.VT,-1.187227392276567
1_AN_IN,RTA,0.25,VT.FLO,-1.1732262292996885
1_AN_IN,RTA,0.25,FLO.GF,-1.1566824540984797
1_AN_IN,RTA,0.5,P.V1,-1.205986342094377
1_AN_IN,RTA,0.5,V1.V4,-1.1995446468770177
1_AN_IN,RTA,0.5,V4.VT,-1.1899866542426984
1_AN_IN,RTA,0.5,VT.FLO,-1.1768449947166033
1_AN_IN,RTA,0.5,FLO.GF,-1.1611418705953989
1_AN_IN,RTA,0.75,P.V1,-1.2073537795915983
1_AN_IN,RTA,0.75,V1.V4,-1.201398813300114
1_AN_IN,RTA,0.75,V4.VT,-1.1926513483315226
1_AN_IN,RTA,0.75,VT.FLO,-1.180409573410727
1_AN_IN,RTA,0.75,FLO.GF,-1.1651929987923402
1_AN_IN,SPV,0.25,P.V1,1.4057106988413244
1_AN_IN,SPV,0.25,V1.V4,0.8659012451955854
1_AN_IN,SPV,0.25,V4.VT,-0.9938132706644428
1_AN_IN,SPV,0.25,VT.FLO,0.8455105986702074
1_AN_IN,SPV,0.25,FLO.GF,-1.0229888882773688
1_AN_IN,SPV,0.5,P.V1,1.1390069134660783
1_AN_IN,SPV,0.5,V1.V4,-0.1507891300457138
1_AN_IN,SPV,0.5,V4.VT,-1.0835787191589252
1_AN_IN,SPV,0.5,VT.FLO,0.862708553168546
1_AN_IN,SPV,0.5,FLO.GF,-1.1328241126465446
1_AN_IN,SPV,0.75,P.V1,0.8543802549352771
1_AN_IN,SPV,0.75,V1.V4,-0.12023259844046708
1_AN_IN,SPV,0.75,V4.VT,-0.7992415546409244
1_AN_IN,SPV,0.75,VT.FLO,0.8167152517248047
1_AN_IN,SPV,0.75,FLO.GF,-1.4576755688746106
1_AN_IN,SRAD,0.25,V1.V4,0.9162174167027504
1_AN_IN,SRAD,0.25,V4.VT,0.37524149880453866
1_AN_IN,SRAD,0.25,VT.FLO,1.0006916785277764
1_AN_IN,SRAD,0.25,FLO.GF,0.6832053644483632
1_AN_IN,SRAD,0.5,V1.V4,1.3194907182203701
1_AN_IN,SRAD,0.5,V4.VT,0.5047961337373001
1_AN_IN,SRAD,0.5,VT.FLO,0.9319419995380822
1_AN_IN,SRAD,0.5,FLO.GF,1.4982077172911872
1_AN_IN,SRAD,0.75,V1.V4,1.416322692909224
1_AN_IN,SRAD,0.75,V4.VT,0.8758942368093402
1_AN_IN,SRAD,0.75,VT.FLO,-1.3686476981958084
1_AN_IN,SRAD,0.75,FLO.GF,1.3416384377362598
1_AN_IN,T2M_MAX,0.25,P.V1,1.09083529996158
1_AN_IN,T2M_MAX,0.25,V1.V4,0.4512365874254033
1_AN_IN,T2M_MAX,0.25,V4.VT,-0.8660254037844427
1_AN_IN,T2M_MAX,0.25,VT.FLO,0.8622500533489271
1_AN_IN,T2M_MAX,0.25,FLO.GF,-1.4990095617045063
1_AN_IN,T2M_MAX,0.5,P.V1,0.8287640228668481
1_AN_IN,T2M_MAX,0.5,V1.V4,-0.4872503481534765
1_AN_IN,T2M_MAX,0.5,V4.VT,-0.8197013651676277
1_AN_IN,T2M_MAX,0.5,VT.FLO,0.8527819755874013
1_AN_IN,T2M_MAX,0.5,FLO.GF,-1.2887178422489065
1_AN_IN,T2M_MAX,0.75,P.V1,0.8998801817881755
1_AN_IN,T2M_MAX,0.75,V1.V4,-0.0610809706214385
1_AN_IN,T2M_MAX,0.75,V4.VT,-0.6240873164395935
1_AN_IN,T2M_MAX,0.75,VT.FLO,0.8096240565142839
1_AN_IN,T2M_MAX,0.75,FLO.GF,-1.1821541495279853
1_AN_IN,T2M_MIN,0.25,P.V1,1.2847727606059063
1_AN_IN,T2M_MIN,0.25,V1.V4,0.08340428552442167
1_AN_IN,T2M_MIN,0.25,V4.VT,-0.9599964476583522
1_AN_IN,T2M_MIN,0.25,VT.FLO,0.7383502317320526
1_AN_IN,T2M_MIN,0.25,FLO.GF,-1.2080546981931286
1_AN_IN,T2M_MIN,0.5,P.V1,0.8873419552386991
1_AN_IN,T2M_MIN,0.5,V1.V4,0.3941780613961457
1_AN_IN,T2M_MIN,0.5,V4.VT,-1.1634108492607187
1_AN_IN,T2M_MIN,0.5,VT.FLO,0.6847529360096277
1_AN_IN,T2M_MIN,0.5,FLO.GF,-1.1422995471652155
1_AN_IN,T2M_MIN,0.75,P.V1,0.8796107426648251
1_AN_IN,T2M_MIN,0.75,V1.V4,0.8632113414172347
1_AN_IN,T2M_MIN,0.75,V4.VT,-1.0522033445423975
1_AN_IN,T2M_MIN,0.75,VT.FLO,0.5217320186699161
1_AN_IN,T2M_MIN,0.75,FLO.GF,-1.2947162989581005
1_AN_IN,T2M,0.25,P.V1,1.3941030224319815
1_AN_IN,T2M,0.25,V1.V4,0.8186724747404267
1_AN_IN,T2M,0.25,V4.VT,-1.082272951263159
1_AN_IN,T2M,0.25,VT.FLO,0.8644851200168979
1_AN_IN,T2M,0.25,FLO.GF,-1.3340746144735414
1_AN_IN,T2M,0.5,P.V1,1.0282351811593289
1_AN_IN,T2M,0.5,V1.V4,-0.4523447593711916
1_AN_IN,T2M,0.5,V4.VT,-0.8976765352953379
1_AN_IN,T2M,0.5,VT.FLO,0.8529033930190687
1_AN_IN,T2M,0.5,FLO.GF,-1.1621228710940372
1_AN_IN,T2M,0.75,P.V1,0.9165312483863907
1_AN_IN,T2M,0.75,V1.V4,-0.006876900364474714
1_AN_IN,T2M,0.75,V4.VT,-0.8651256368882168
1_AN_IN,T2M,0.75,VT.FLO,0.7468387421826636
1_AN_IN,T2M,0.75,FLO.GF,-1.4724400660869044
1_AN_IN,T2M_RANGE,0.25,P.V1,0.6043214813093787
1_AN_IN,T2M_RANGE,0.25,V1.V4,-0.8838716734080294
1_AN_IN,T2M_RANGE,0.25,V4.VT,-0.4949969062790046
1_AN_IN,T2M_RANGE,0.25,VT.FLO,1.3242941719853336
1_AN_IN,T2M_RANGE,0.25,FLO.GF,-0.24970581820963353
1_AN_IN,T2M_RANGE,0.5,P.V1,0.43081416201515504
1_AN_IN,T2M_RANGE,0.5,V1.V4,0.7701540462154107
1_AN_IN,T2M_RANGE,0.5,V4.VT,0.19235587613940147
1_AN_IN,T2M_RANGE,0.5,VT.FLO,1.4119488131810953
1_AN_IN,T2M_RANGE,0.5,FLO.GF,0.06845440214630157
1_AN_IN,T2M_RANGE,0.75,P.V1,0.6156634447276255
1_AN_IN,T2M_RANGE,0.75,V1.V4,-0.32816008278282544
1_AN_IN,T2M_RANGE,0.75,V4.VT,1.0327231263292649
1_AN_IN,T2M_RANGE,0.75,VT.FLO,0.8660254037844387
1_AN_IN,T2M_RANGE,0.75,FLO.GF,0.8557241358565594
1_AN_IN,T2MDEW,0.25,P.V1,1.476945944143628
1_AN_IN,T2MDEW,0.25,V1.V4,0.7668102305564304
1_AN_IN,T2MDEW,0.25,V4.VT,-0.7346951419962299
1_AN_IN,T2MDEW,0.25,VT.FLO,0.7847790748715747
1_AN_IN,T2MDEW,0.25,FLO.GF,-1.189035942990729
1_AN_IN,T2MDEW,0.5,P.V1,1.1060166035248888
1_AN_IN,T2MDEW,0.5,V1.V4,0.9107495923904245
1_AN_IN,T2MDEW,0.5,V4.VT,-0.9558080126231193
1_AN_IN,T2MDEW,0.5,VT.FLO,0.6185713903793966
1_AN_IN,T2MDEW,0.5,FLO.GF,-1.2936481973683487
1_AN_IN,T2MDEW,0.75,P.V1,0.9127227839407394
1_AN_IN,T2MDEW,0.75,V1.V4,0.9692558824496659
1_AN_IN,T2MDEW,0.75,V4.VT,-1.322824674718149
1_AN_IN,T2MDEW,0.75,VT.FLO,-0.2384535351494151
1_AN_IN,T2MDEW,0.75,FLO.GF,-1.3842189581672228
1_AN_IN,VPD,0.25,P.V1,0.8660254037844386
1_AN_IN,VPD,0.25,V1.V4,-0.5084468099704866
1_AN_IN,VPD,0.25,V4.VT,-0.8194066536984006
1_AN_IN,VPD,0.25,VT.FLO,1.4009996565768144
1_AN_IN,VPD,0.25,FLO.GF,-0.5865080061598305
1_AN_IN,VPD,0.5,P.V1,0.5644842353160436
1_AN_IN,VPD,0.5,V1.V4,0.41443660785825426
1_AN_IN,VPD,0.5,V4.VT,-0.6845329323980185
1_AN_IN,VPD,0.5,VT.FLO,1.3432696406742397
1_AN_IN,VPD,0.5,FLO.GF,-1.466460604975011
1_AN_IN,VPD,0.75,P.V1,0.8487171158731168
1_AN_IN,VPD,0.75,V1.V4,-1.1915128508995807
1_AN_IN,VPD,0.75,V4.VT,-0.7058620831772463
1_AN_IN,VPD,0.75,VT.FLO,1.0593628865219602
1_AN_IN,VPD,0.75,FLO.GF,-1.1081566573297927
1_AN_IN,WS2M,0.25,P.V1,0.44629623331241763
1_AN_IN,WS2M,0.25,V1.V4,-0.408248290463863
1_AN_IN,WS2M,0.25,V4.VT,0.6762522260005743
1_AN_IN,WS2M,0.25,VT.FLO,-0.865514834090088
1_AN_IN,WS2M,0.25,FLO.GF,-0.4687936026232264
1_AN_IN,WS2M,0.5,P.V1,-0.222468842283143
1_AN_IN,WS2M,0.5,V1.V4,-0.45482655635721675
1_AN_IN,WS2M,0.5,V4.VT,-0.435031420070548
1_AN_IN,WS2M,0.5,VT.FLO,-0.8660254037844386
1_AN_IN,WS2M,0.5,FLO.GF,-0.07866327238699213
1_AN_IN,WS2M,0.75,P.V1,-0.11868931087888447
1_AN_IN,WS2M,0.75,V1.V4,-0.4607420239809514
1_AN_IN,WS2M,0.75,V4.VT,0.8508093709406939
1_AN_IN,WS2M,0.75,VT.FLO,-0.8660254037844386
1_AN_IN,WS2M,0.75,FLO.GF,-0.5584624437142591
1_PI_IN,ETP,0.25,P.V1,-1.0924220540159937
1_PI_IN,ETP,0.25,V1.V4,0.7332726010068406
1_PI_IN,ETP,0.25,V4.VT,0.9828880938621638
1_PI_IN,ETP,0.25,VT.FLO,0.733808281339113
1_PI_IN,ETP,0.25,FLO.GF,-1.0262658188268186
1_PI_IN,ETP,0.5,P.V1,-0.9878511892475805
1_PI_IN,ETP,0.5,V1.V4,0.16926869010813225
1_PI_IN,ETP,0.5,V4.VT,1.1172722171717846
1_PI_IN,ETP,0.5,VT.FLO,0.8683167741008986
1_PI_IN,ETP,0.5,FLO.GF,-0.42857302830280747
1_PI_IN,ETP,0.75,P.V1,-1.0435773043352414
1_PI_IN,ETP,0.75,V1.V4,0.16392628222618405
1_PI_IN,ETP,0.75,V4.VT,0.8764622814755536
1_PI_IN,ETP,0.75,VT.FLO,-0.05849346079066836
1_PI_IN,ETP,0.75,FLO.GF,0.44736272768411034
1_PI_IN,FRUE,0.25,P.V1,0.04596078723258672
1_PI_IN,FRUE,0.25,V1.V4,0.865896636345799
1_PI_IN,FRUE,0.25,V4.VT,-0.7249040376126459
1_PI_IN,FRUE,0.25,VT.FLO,0.8853317511762724
1_PI_IN,FRUE,0.25,FLO.GF,-0.6873641092466478
1_PI_IN,FRUE,0.5,P.V1,0.49447539972689886
1_PI_IN,FRUE,0.5,V1.V4,1.435253111866635
1_PI_IN,FRUE,0.5,V4.VT,-0.6096284639634699
1_PI_IN,FRUE,0.5,VT.FLO,0.8624508000424971
1_PI_IN,FRUE,0.5,FLO.GF,-0.5099871400291834
1_PI_IN,FRUE,0.75,P.V1,0.7070502446614901
1_PI_IN,FRUE,0.75,V1.V4,1.444158089679436
1_PI_IN,FRUE,0.75,V4.VT,-0.927462901270441
1_PI_IN,FRUE,0.75,VT.FLO,0.9030466632479283
1_PI_IN,FRUE,0.75,FLO.GF,0.616558854196837
1_PI_IN,n,0.25,P.V1,-1.0929399380971834
1_PI_IN,n,0.25,V1.V4,0.6942585133542347
1_PI_IN,n,0.25,V4.VT,0.7747603814978399
1_PI_IN,n,0.25,VT.FLO,0.6856687178829537
1_PI_IN,n,0.25,FLO.GF,-0.537982801164339
1_PI_IN,N,0.25,P.V1,-0.49713285739159585
1_PI_IN,N,0.25,V1.V4,-0.49984522860160707
1_PI_IN,N,0.25,V4.VT,-0.49691062125788604
1_PI_IN,N,0.25,VT.FLO,-0.49111965017437315
1_PI_IN,N,0.25,FLO.GF,-0.49118603964426255
1_PI_IN,n,0.5,P.V1,-0.9948144707121885
1_PI_IN,n,0.5,V1.V4,0.2030293334332377
1_PI_IN,n,0.5,V4.VT,1.10224711940322
1_PI_IN,n,0.5,VT.FLO,0.8236186947530846
1_PI_IN,n,0.5,FLO.GF,-0.30809029038258723
1_PI_IN,N,0.5,P.V1,-0.49602815140015555
1_PI_IN,N,0.5,V1.V4,-0.49971031323112686
1_PI_IN,N,0.5,V4.VT,-0.49804356727525667
1_PI_IN,N,0.5,VT.FLO,-0.49236643769444677
1_PI_IN,N,0.5,FLO.GF,-0.49016247395283563
1_PI_IN,n,0.75,P.V1,-1.0481625084926907
1_PI_IN,n,0.75,V1.V4,-0.02165969375738448
1_PI_IN,n,0.75,V4.VT,0.5406860417261781
1_PI_IN,n,0.75,VT.FLO,-0.19059379792951522
1_PI_IN,n,0.75,FLO.GF,0.6368259092021388
1_PI_IN,N,0.75,P.V1,-0.49465753461510353
1_PI_IN,N,0.75,V1.V4,-0.49920370563571564
1_PI_IN,N,0.75,V4.VT,-0.49896427201407
1_PI_IN,N,0.75,VT.FLO,-0.4938500699669614
1_PI_IN,N,0.75,FLO.GF,-0.48985223146941315
1_PI_IN,PETP,0.25,P.V1,-0.7011474440551299
1_PI_IN,PETP,0.25,V1.V4,-0.8694339175431064
1_PI_IN,PETP,0.25,V4.VT,1.4835352953399237
1_PI_IN,PETP,0.25,VT.FLO,-0.702705980769229
1_PI_IN,PETP,0.25,FLO.GF,-0.8669331111346548
1_PI_IN,PETP,0.5,V1.V4,0.25256284505870186
1_PI_IN,PETP,0.5,V4.VT,1.326928427222856
1_PI_IN,PETP,0.5,VT.FLO,-0.5533092150748171
1_PI_IN,PETP,0.5,FLO.GF,-1.4163917875688643
1_PI_IN,PETP,0.75,V1.V4,-0.1436902365165991
1_PI_IN,PETP,0.75,V4.VT,1.4932460862577603
1_PI_IN,PETP,0.75,VT.FLO,-0.7653543494271613
1_PI_IN,PETP,0.75,FLO.GF,-1.2552949921825443
1_PI_IN,PRECTOT,0.25,P.V1,-0.9458138295641535
1_PI_IN,PRECTOT,0.25,V1.V4,-0.5388934488137859
1_PI_IN,PRECTOT,0.25,V4.VT,1.3627450980392157
1_PI_IN,PRECTOT,0.25,VT.FLO,-0.3292523039342591
1_PI_IN,PRECTOT,0.25,FLO.GF,-1.2509255832441892
1_PI_IN,PRECTOT,0.5,V1.V4,0.01594675081983346
1_PI_IN,PRECTOT,0.5,V4.VT,1.14418653858032
1_PI_IN,PRECTOT,0.5,VT.FLO,-0.44172610429938625
1_PI_IN,PRECTOT,0.5,FLO.GF,-1.122479230609366
1_PI_IN,PRECTOT,0.75,V1.V4,0.6798245689171964
1_PI_IN,PRECTOT,0.75,V4.VT,1.4965997623401186
1_PI_IN,PRECTOT,0.75,VT.FLO,-0.791409345708853
1_PI_IN,PRECTOT,0.75,FLO.GF,-1.310530423169875
1_PI_IN,RH2M,0.25,V1.V4,-0.09868399362486631
1_PI_IN,RH2M,0.25,VT.FLO,-0.4284902828255999
1_PI_IN,RH2M,0.25,FLO.GF,-1.4495064388547332
1_PI_IN,RH2M,0.5,V1.V4,0.18388775694882578
1_PI_IN,RH2M,0.5,V4.VT,1.0842341283081387
1_PI_IN,RH2M,0.5,VT.FLO,1.2289535166531051
1_PI_IN,RH2M,0.5,FLO.GF,-1.4294111209945821
1_PI_IN,RH2M,0.75,P.V1,-0.9782929262611264
1_PI_IN,RH2M,0.75,V1.V4,0.4611407059421568
1_PI_IN,RH2M,0.75,V4.VT,1.0715209695505161
1_PI_IN,RH2M,0.75,VT.FLO,0.2832366161785139
1_PI_IN,RH2M,0.75,FLO.GF,-1.428874856839438
1_PI_IN,RTA,0.25,P.V1,-0.43581319698109283
1_PI_IN,RTA,0.25,V1.V4,-0.4428792081097678
1_PI_IN,RTA,0.25,V4.VT,-0.45545424226256404
1_PI_IN,RTA,0.25,VT.FLO,-0.47292574740711135
1_PI_IN,RTA,0.25,FLO.GF,-0.49094754436683186
1_PI_IN,RTA,0.5,P.V1,-0.43470808604551875
1_PI_IN,RTA,0.5,V1.V4,-0.4407965126543617
1_PI_IN,RTA,0.5,V4.VT,-0.4519981318554821
1_PI_IN,RTA,0.5,VT.FLO,-0.4684977797634469
1_PI_IN,RTA,0.5,FLO.GF,-0.48656577364403547
1_PI_IN,RTA,0.75,P.V1,-0.43343135858997056
1_PI_IN,RTA,0.75,V1.V4,-0.43891666702026866
1_PI_IN,RTA,0.75,V4.VT,-0.4487141138664157
1_PI_IN,RTA,0.75,VT.FLO,-0.4640516478625857
1_PI_IN,RTA,0.75,FLO.GF,-0.48224531468675863
1_PI_IN,SPV,0.25,P.V1,0.024922922392601684
1_PI_IN,SPV,0.25,V1.V4,0.8659012451955854
1_PI_IN,SPV,0.25,V4.VT,-0.7280096649458058
1_PI_IN,SPV,0.25,VT.FLO,0.8863000464280966
1_PI_IN,SPV,0.25,FLO.GF,-0.6932804640998393
1_PI_IN,SPV,0.5,P.V1,0.4820595648456787
1_PI_IN,SPV,0.5,V1.V4,1.4372645526532382
1_PI_IN,SPV,0.5,V4.VT,-0.616097453710804
1_PI_IN,SPV,0.5,VT.FLO,0.862708553168546
1_PI_IN,SPV,0.5,FLO.GF,-0.5157570079134884
1_PI_IN,SPV,0.75,P.V1,0.7078797106220618
1_PI_IN,SPV,0.75,V1.V4,1.445067098031362
1_PI_IN,SPV,0.75,V4.VT,-0.9258103507319322
1_PI_IN,SPV,0.75,VT.FLO,0.9038963501112317
1_PI_IN,SPV,0.75,FLO.GF,0.6183181540596597
1_PI_IN,SRAD,0.25,V1.V4,0.755879368779772
1_PI_IN,SRAD,0.25,V4.VT,0.9314370198752308
1_PI_IN,SRAD,0.25,VT.FLO,0.7199450227027688
1_PI_IN,SRAD,0.25,FLO.GF,-1.081741827043251
1_PI_IN,SRAD,0.5,V1.V4,0.21199894770353478
1_PI_IN,SRAD,0.5,V4.VT,1.1634606077046865
1_PI_IN,SRAD,0.5,VT.FLO,0.7974979078014414
1_PI_IN,SRAD,0.5,FLO.GF,-0.5262361434863575
1_PI_IN,SRAD,0.75,V1.V4,-0.08513415093989869
1_PI_IN,SRAD,0.75,V4.VT,0.856100016768448
1_PI_IN,SRAD,0.75,VT.FLO,-0.11666227780878693
1_PI_IN,SRAD,0.75,FLO.GF,0.18524714830667977
1_PI_IN,T2M_MAX,0.25,P.V1,0.6071054245026921
1_PI_IN,T2M_MAX,0.25,V1.V4,1.0760257084759655
1_PI_IN,T2M_MAX,0.25,V4.VT,-0.8660254037844427
1_PI_IN,T2M_MAX,0.25,VT.FLO,0.8686697838531546
1_PI_IN,T2M_MAX,0.25,FLO.GF,0.4482860352772241
1_PI_IN,T2M_MAX,0.5,P.V1,0.8287640228668481
1_PI_IN,T2M_MAX,0.5,V1.V4,1.371797134032082
1_PI_IN,T2M_MAX,0.5,V4.VT,-0.9111421549074435
1_PI_IN,T2M_MAX,0.5,VT.FLO,0.8787024003772904
1_PI_IN,T2M_MAX,0.5,FLO.GF,-0.2828892824448814
1_PI_IN,T2M_MAX,0.75,P.V1,0.8314955047610952
1_PI_IN,T2M_MAX,0.75,V1.V4,1.4320094223470035
1_PI_IN,T2M_MAX,0.75,V4.VT,-1.0779690011229326
1_PI_IN,T2M_MAX,0.75,VT.FLO,0.9052960277419705
1_PI_IN,T2M_MAX,0.75,FLO.GF,1.2204351628511751
1_PI_IN,T2M_MIN,0.25,P.V1,-1.0864373430166603
1_PI_IN,T2M_MIN,0.25,V1.V4,1.0048230589370424
1_PI_IN,T2M_MIN,0.25,V4.VT,-0.7611960933748775
1_PI_IN,T2M_MIN,0.25,VT.FLO,0.9849041279409783
1_PI_IN,T2M_MIN,0.25,FLO.GF,-0.4353173871933101
1_PI_IN,T2M_MIN,0.5,P.V1,0.7078795373252548
1_PI_IN,T2M_MIN,0.5,V1.V4,1.2289080737644447
1_PI_IN,T2M_MIN,0.5,V4.VT,-0.5009130045428082
1_PI_IN,T2M_MIN,0.5,VT.FLO,1.030006517190948
1_PI_IN,T2M_MIN,0.5,FLO.GF,-0.45260925453716017
1_PI_IN,T2M_MIN,0.75,P.V1,0.15443547390298695
1_PI_IN,T2M_MIN,0.75,V1.V4,0.8632113414172347
1_PI_IN,T2M_MIN,0.75,V4.VT,-0.6442061293116754
1_PI_IN,T2M_MIN,0.75,VT.FLO,1.0782461719178522
1_PI_IN,T2M_MIN,0.75,FLO.GF,0.9890369386187297
1_PI_IN,T2M,0.25,P.V1,0.057241316152836764
1_PI_IN,T2M,0.25,V1.V4,0.9102721921938985
1_PI_IN,T2M,0.25,V4.VT,-0.6184416864360889
1_PI_IN,T2M,0.25,VT.FLO,0.8675643190196289
1_PI_IN,T2M,0.25,FLO.GF,-0.201834166765368
1_PI_IN,T2M,0.5,P.V1,0.6543314789195718
1_PI_IN,T2M,0.5,V1.V4,1.4357029319172636
1_PI_IN,T2M,0.5,V4.VT,-0.8337849669469144
1_PI_IN,T2M,0.5,VT.FLO,0.8790460257552863
1_PI_IN,T2M,0.5,FLO.GF,-0.42572818049979366
1_PI_IN,T2M,0.75,P.V1,0.7043439497245899
1_PI_IN,T2M,0.75,V1.V4,1.3685031725297645
1_PI_IN,T2M,0.75,V4.VT,-0.8651256368882168
1_PI_IN,T2M,0.75,VT.FLO,0.9772260148354174
1_PI_IN,T2M,0.75,FLO.GF,0.6811467211760509
1_PI_IN,T2M_RANGE,0.25,P.V1,1.0929218278999377
1_PI_IN,T2M_RANGE,0.25,V1.V4,-0.829894777322044
1_PI_IN,T2M_RANGE,0.25,V4.VT,-1.1699926875685533
1_PI_IN,T2M_RANGE,0.25,VT.FLO,0.22272718882603398
1_PI_IN,T2M_RANGE,0.25,FLO.GF,1.300706426196477
1_PI_IN,T2M_RANGE,0.5,P.V1,1.2108682068473309
1_PI_IN,T2M_RANGE,0.5,V1.V4,0.7701540462154107
1_PI_IN,T2M_RANGE,0.5,V4.VT,-1.4564087764840306
1_PI_IN,T2M_RANGE,0.5,VT.FLO,0.005957589929028728
1_PI_IN,T2M_RANGE,0.5,FLO.GF,1.3899219914053986
1_PI_IN,T2M_RANGE,0.75,P.V1,1.0842655807956165
1_PI_IN,T2M_RANGE,0.75,V1.V4,1.489341914168201
1_PI_IN,T2M_RANGE,0.75,V4.VT,-1.3548569455512416
1_PI_IN,T2M_RANGE,0.75,VT.FLO,0.8660254037844387
1_PI_IN,T2M_RANGE,0.75,FLO.GF,0.8557241358565594
1_PI_IN,T2MDEW,0.25,P.V1,-0.5656388722252197
1_PI_IN,T2MDEW,0.25,V1.V4,0.9598533655216843
1_PI_IN,T2MDEW,0.25,V4.VT,-0.701299908269135
1_PI_IN,T2MDEW,0.25,VT.FLO,0.9436259237612432
1_PI_IN,T2MDEW,0.25,FLO.GF,-0.46545643409057763
1_PI_IN,T2MDEW,0.5,P.V1,0.514869798192625
1_PI_IN,T2MDEW,0.5,V1.V4,0.8182877048380958
1_PI_IN,T2MDEW,0.5,V4.VT,-0.7491468207046114
1_PI_IN,T2MDEW,0.5,VT.FLO,1.0821743692742645
1_PI_IN,T2MDEW,0.5,FLO.GF,-0.26254852714117566
1_PI_IN,T2MDEW,0.75,P.V1,0.7647136838422431
1_PI_IN,T2MDEW,0.75,V1.V4,0.7562326115816111
1_PI_IN,T2MDEW,0.75,V4.VT,-0.07111960616765806
1_PI_IN,T2MDEW,0.75,VT.FLO,1.4580847313235152
1_PI_IN,T2MDEW,0.75,FLO.GF,-0.07698834160067555
1_PI_IN,VPD,0.25,P.V1,0.8660254037844386
1_PI_IN,VPD,0.25,V1.V4,0.09171196591452674
1_PI_IN,VPD,0.25,V4.VT,-0.9114216509410903
1_PI_IN,VPD,0.25,VT.FLO,0.03826128986052544
1_PI_IN,VPD,0.25,FLO.GF,1.4679085902583082
1_PI_IN,VPD,0.5,P.V1,1.108627314001883
1_PI_IN,VPD,0.5,V1.V4,1.0931149852882844
1_PI_IN,VPD,0.5,V4.VT,-1.0009133683773714
1_PI_IN,VPD,0.5,VT.FLO,0.18161822041898776
1_PI_IN,VPD,0.5,FLO.GF,0.1914341165675474
1_PI_IN,VPD,0.75,P.V1,0.8820315175868435
1_PI_IN,VPD,0.75,V1.V4,-0.1773698805314423
1_PI_IN,VPD,0.75,V4.VT,-1.0087620754044848
1_PI_IN,VPD,0.75,VT.FLO,0.6481006359682749
1_PI_IN,VPD,0.75,FLO.GF,1.3225038605086776
1_PI_IN,WS2M,0.25,P.V1,1.140534818465069
1_PI_IN,WS2M,0.25,V1.V4,-1.224744871391589
1_PI_IN,WS2M,0.25,V4.VT,1.036920079867548
1_PI_IN,WS2M,0.25,VT.FLO,-0.865514834090088
1_PI_IN,WS2M,0.25,FLO.GF,-1.18314575900148
1_PI_IN,WS2M,0.5,P.V1,1.0438922599439795
1_PI_IN,WS2M,0.5,V1.V4,-1.1960253889393457
1_PI_IN,WS2M,0.5,V4.VT,1.4984415580207793
1_PI_IN,WS2M,0.5,VT.FLO,-0.8660254037844386
1_PI_IN,WS2M,0.5,FLO.GF,-1.3822260719428565
1_PI_IN,WS2M,0.75,P.V1,0.9257766248553014
1_PI_IN,WS2M,0.75,V1.V4,-1.1799490858048773
1_PI_IN,WS2M,0.75,V4.VT,0.8508093709406939
1_PI_IN,WS2M,0.75,VT.FLO,-0.8660254037844386
1_PI_IN,WS2M,0.75,FLO.GF,-1.1263903525762178
2_AN_IN,ETP,0.25,P.V1,0.9103136652856063
2_AN_IN,ETP,0.25,V1.V4,-1.1525324242930142
2_AN_IN,ETP,0.25,V4.VT,0.08327728146381007
2_AN_IN,ETP,0.25,VT.FLO,-0.8655270419353414
2_AN_IN,ETP,0.25,FLO.GF,-0.6308306867734623
2_AN_IN,ETP,0.5,P.V1,0.8592979459352116
2_AN_IN,ETP,0.5,V1.V4,-0.9080099235811078
2_AN_IN,ETP,0.5,V4.VT,-0.8486605861112171
2_AN_IN,ETP,0.5,VT.FLO,-0.8825563613253716
2_AN_IN,ETP,0.5,FLO.GF,-0.6057319915313718
2_AN_IN,ETP,0.75,P.V1,0.8525843780252788
2_AN_IN,ETP,0.75,V1.V4,-0.9196525579814516
2_AN_IN,ETP,0.75,V4.VT,-0.8756203429684456
2_AN_IN,ETP,0.75,VT.FLO,0.7642895941238731
2_AN_IN,ETP,0.75,FLO.GF,-0.838383689248475
2_AN_IN,FRUE,0.25,P.V1,-0.7220950349652627
2_AN_IN,FRUE,0.25,V1.V4,-0.8447772061910228
2_AN_IN,FRUE,0.25,V4.VT,0.8606866670144088
2_AN_IN,FRUE,0.25,VT.FLO,-0.8659165811943351
2_AN_IN,FRUE,0.25,FLO.GF,0.8521369297737067
2_AN_IN,FRUE,0.5,P.V1,-1.1018075377444068
2_AN_IN,FRUE,0.5,V1.V4,-0.4362663643999938
2_AN_IN,FRUE,0.5,V4.VT,0.8785280281286304
2_AN_IN,FRUE,0.5,VT.FLO,-0.9736139009893201
2_AN_IN,FRUE,0.5,FLO.GF,0.6137562355189938
2_AN_IN,FRUE,0.75,P.V1,-1.3110630164828583
2_AN_IN,FRUE,0.75,V1.V4,-0.5631658959753916
2_AN_IN,FRUE,0.75,V4.VT,0.950363219820322
2_AN_IN,FRUE,0.75,VT.FLO,-0.9959968344452538
2_AN_IN,FRUE,0.75,FLO.GF,0.1621656799422936
2_AN_IN,n,0.25,P.V1,0.9265946172902112
2_AN_IN,n,0.25,V1.V4,-1.136974077906667
2_AN_IN,n,0.25,V4.VT,0.03105093650536253
2_AN_IN,n,0.25,VT.FLO,-0.8537496357501609
2_AN_IN,n,0.25,FLO.GF,-0.9849858258111571
2_AN_IN,N,0.25,P.V1,0.7607120309471511
2_AN_IN,N,0.25,V1.V4,0.7312828264151395
2_AN_IN,N,0.25,V4.VT,0.7086389701737678
2_AN_IN,N,0.25,VT.FLO,0.6857159510748116
2_AN_IN,N,0.25,FLO.GF,0.6520674907575033
2_AN_IN,n,0.5,P.V1,0.8611660925818593
2_AN_IN,n,0.5,V1.V4,-0.892902004469451
2_AN_IN,n,0.5,V4.VT,-0.8441855144244235
2_AN_IN,n,0.5,VT.FLO,-0.8400607791604698
2_AN_IN,n,0.5,FLO.GF,-0.5838526007034165
2_AN_IN,N,0.5,P.V1,0.7676562628516798
2_AN_IN,N,0.5,V1.V4,0.7374191987595626
2_AN_IN,N,0.5,V4.VT,0.7136477994649147
2_AN_IN,N,0.5,VT.FLO,0.6916570978079417
2_AN_IN,N,0.5,FLO.GF,0.662608518347142
2_AN_IN,n,0.75,P.V1,0.8556965163793929
2_AN_IN,n,0.75,V1.V4,-0.8443878515969894
2_AN_IN,n,0.75,V4.VT,-0.8350515184892582
2_AN_IN,n,0.75,VT.FLO,1.1651201451929387
2_AN_IN,n,0.75,FLO.GF,-0.8441386800657242
2_AN_IN,N,0.75,P.V1,0.7757352879558213
2_AN_IN,N,0.75,V1.V4,0.7444702295227574
2_AN_IN,N,0.75,V4.VT,0.7189811329437411
2_AN_IN,N,0.75,VT.FLO,0.69737349733992
2_AN_IN,N,0.75,FLO.GF,0.6711345267528426
2_AN_IN,PETP,0.25,P.V1,-0.44792726239257014
2_AN_IN,PETP,0.25,V1.V4,0.6899864475769756
2_AN_IN,PETP,0.25,V4.VT,-0.36843110277692764
2_AN_IN,PETP,0.25,VT.FLO,0.23001529192171732
2_AN_IN,PETP,0.25,FLO.GF,1.0095116586755108
2_AN_IN,PETP,0.5,V1.V4,-0.7906164970317815
2_AN_IN,PETP,0.5,V4.VT,-0.012107213891230435
2_AN_IN,PETP,0.5,VT.FLO,0.7735523296691564
2_AN_IN,PETP,0.5,FLO.GF,0.9302298336652484
2_AN_IN,PETP,0.75,V1.V4,-0.721222248920485
2_AN_IN,PETP,0.75,V4.VT,-0.4268474888589093
2_AN_IN,PETP,0.75,VT.FLO,0.8655478257733079
2_AN_IN,PETP,0.75,FLO.GF,0.28268100041590116
2_AN_IN,PRECTOT,0.25,P.V1,0.8640955146898106
2_AN_IN,PRECTOT,0.25,V1.V4,-1.1364782633399642
2_AN_IN,PRECTOT,0.25,V4.VT,0.029411764705882384
2_AN_IN,PRECTOT,0.25,VT.FLO,0.7996127381260576
2_AN_IN,PRECTOT,0.25,FLO.GF,0.481125224324688
2_AN_IN,PRECTOT,0.5,V1.V4,-1.0410950178091234
2_AN_IN,PRECTOT,0.5,V4.VT,-0.6098249109367484
2_AN_IN,PRECTOT,0.5,VT.FLO,0.3312945782245396
2_AN_IN,PRECTOT,0.5,FLO.GF,-0.32679775068373945
2_AN_IN,PRECTOT,0.75,V1.V4,-0.9794082772535884
2_AN_IN,PRECTOT,0.75,V4.VT,-0.4512823898748663
2_AN_IN,PRECTOT,0.75,VT.FLO,0.8644825911494067
2_AN_IN,PRECTOT,0.75,FLO.GF,0.0928441171727976
2_AN_IN,RH2M,0.25,V1.V4,-1.2150466715061916
2_AN_IN,RH2M,0.25,VT.FLO,0.8204724249620269
2_AN_IN,RH2M,0.25,FLO.GF,0.5008997785644775
2_AN_IN,RH2M,0.5,V1.V4,-1.4642913979257834
2_AN_IN,RH2M,0.5,V4.VT,-0.6523978373759876
2_AN_IN,RH2M,0.5,VT.FLO,-0.004223207961003398
2_AN_IN,RH2M,0.5,FLO.GF,0.5647230143042571
2_AN_IN,RH2M,0.75,P.V1,0.862120641267623
2_AN_IN,RH2M,0.75,V1.V4,-0.8646388236415679
2_AN_IN,RH2M,0.75,V4.VT,-0.593163393858321
2_AN_IN,RH2M,0.75,VT.FLO,0.5999743374964356
2_AN_IN,RH2M,0.75,FLO.GF,0.14898010489923114
2_AN_IN,RTA,0.25,P.V1,0.7400030339101215
2_AN_IN,RTA,0.25,V1.V4,0.7108586539579882
2_AN_IN,RTA,0.25,V4.VT,0.691242631257711
2_AN_IN,RTA,0.25,VT.FLO,0.6731205164378725
2_AN_IN,RTA,0.25,FLO.GF,0.6453298413910452
2_AN_IN,RTA,0.5,P.V1,0.7472489263203538
2_AN_IN,RTA,0.5,V1.V4,0.7166536373018956
2_AN_IN,RTA,0.5,V4.VT,0.6953491826585836
2_AN_IN,RTA,0.5,VT.FLO,0.6778106506680529
2_AN_IN,RTA,0.5,FLO.GF,0.6542468295960299
2_AN_IN,RTA,0.75,P.V1,0.7557931362066023
2_AN_IN,RTA,0.75,V1.V4,0.7235254129514042
2_AN_IN,RTA,0.75,V4.VT,0.6998561713284336
2_AN_IN,RTA,0.75,VT.FLO,0.6822967816665207
2_AN_IN,RTA,0.75,FLO.GF,0.6613334528297775
2_AN_IN,SPV,0.25,P.V1,-0.715316810616963
2_AN_IN,SPV,0.25,V1.V4,-0.8451631850771676
2_AN_IN,SPV,0.25,V4.VT,0.8609114678051216
2_AN_IN,SPV,0.25,VT.FLO,-0.865905322549152
2_AN_IN,SPV,0.25,FLO.GF,0.8524037249628644
2_AN_IN,SPV,0.5,P.V1,-1.0901343509779065
2_AN_IN,SPV,0.5,V1.V4,-0.43826974129387036
2_AN_IN,SPV,0.5,V4.VT,0.8800997834000801
2_AN_IN,SPV,0.5,VT.FLO,-0.9697968558895508
2_AN_IN,SPV,0.5,FLO.GF,0.6100542619302645
2_AN_IN,SPV,0.75,P.V1,-1.3048725699695267
2_AN_IN,SPV,0.75,V1.V4,-0.5630895628034935
2_AN_IN,SPV,0.75,V4.VT,0.9524873157749784
2_AN_IN,SPV,0.75,VT.FLO,-0.9939011669852721
2_AN_IN,SPV,0.75,FLO.GF,0.15453331204492907
2_AN_IN,SRAD,0.25,V1.V4,-1.1452717708784412
2_AN_IN,SRAD,0.25,V4.VT,0.10095329663269242
2_AN_IN,SRAD,0.25,VT.FLO,-0.8603183506152741
2_AN_IN,SRAD,0.25,FLO.GF,-0.601871392490229
2_AN_IN,SRAD,0.5,V1.V4,-0.9093943931545116
2_AN_IN,SRAD,0.5,V4.VT,-0.8341283707209928
2_AN_IN,SRAD,0.5,VT.FLO,-0.8647199536697662
2_AN_IN,SRAD,0.5,FLO.GF,-0.541143682961892
2_AN_IN,SRAD,0.75,V1.V4,-0.890038850735308
2_AN_IN,SRAD,0.75,V4.VT,-0.865997126788896
2_AN_IN,SRAD,0.75,VT.FLO,0.8137905232515589
2_AN_IN,SRAD,0.75,FLO.GF,-0.7634427930214718
2_AN_IN,T2M_MAX,0.25,P.V1,-0.8489703622321378
2_AN_IN,T2M_MAX,0.25,V1.V4,-0.27768405380024436
2_AN_IN,T2M_MAX,0.25,V4.VT,0.8660254037844347
2_AN_IN,T2M_MAX,0.25,VT.FLO,-0.9095955658175982
2_AN_IN,T2M_MAX,0.25,FLO.GF,0.5253617632136411
2_AN_IN,T2M_MAX,0.5,P.V1,-1.1841516827582925
2_AN_IN,T2M_MAX,0.5,V1.V4,0.052473114416522665
2_AN_IN,T2M_MAX,0.5,V4.VT,0.8654217600375402
2_AN_IN,T2M_MAX,0.5,VT.FLO,-0.8942546552512254
2_AN_IN,T2M_MAX,0.5,FLO.GF,0.6757910636183283
2_AN_IN,T2M_MAX,0.75,P.V1,-0.8656878432746332
2_AN_IN,T2M_MAX,0.75,V1.V4,-0.6311700297548356
2_AN_IN,T2M_MAX,0.75,V4.VT,0.851028158781263
2_AN_IN,T2M_MAX,0.75,VT.FLO,-1.022494192495887
2_AN_IN,T2M_MAX,0.75,FLO.GF,-0.25611820818608844
2_AN_IN,T2M_MIN,0.25,P.V1,-0.37242983969536525
2_AN_IN,T2M_MIN,0.25,V1.V4,0.2899291830134564
2_AN_IN,T2M_MIN,0.25,V4.VT,0.9547648593877356
2_AN_IN,T2M_MIN,0.25,VT.FLO,-0.8616271798365129
2_AN_IN,T2M_MIN,0.25,FLO.GF,0.8021065500158602
2_AN_IN,T2M_MIN,0.5,P.V1,-1.2662070597226402
2_AN_IN,T2M_MIN,0.5,V1.V4,-0.7187952884282638
2_AN_IN,T2M_MIN,0.5,V4.VT,0.9048751049805583
2_AN_IN,T2M_MIN,0.5,VT.FLO,-0.8573797266002879
2_AN_IN,T2M_MIN,0.5,FLO.GF,0.46697780230024694
2_AN_IN,T2M_MIN,0.75,P.V1,-1.430206780058069
2_AN_IN,T2M_MIN,0.75,V1.V4,-0.7645586166838302
2_AN_IN,T2M_MIN,0.75,V4.VT,0.9877827316112352
2_AN_IN,T2M_MIN,0.75,VT.FLO,-1.1776236992835465
2_AN_IN,T2M_MIN,0.75,FLO.GF,-0.23368050273877478
2_AN_IN,T2M,0.25,P.V1,-0.7256721692924104
2_AN_IN,T2M,0.25,V1.V4,-0.8072225100587366
2_AN_IN,T2M,0.25,V4.VT,0.8503573188496171
2_AN_IN,T2M,0.25,VT.FLO,-0.8660247195182645
2_AN_IN,T2M,0.25,FLO.GF,0.7679543906194565
2_AN_IN,T2M,0.5,P.V1,-1.0638450575631142
2_AN_IN,T2M,0.5,V1.V4,-0.1376701441564553
2_AN_IN,T2M,0.5,V4.VT,0.8657307511211239
2_AN_IN,T2M,0.5,VT.FLO,-0.8681532621151967
2_AN_IN,T2M,0.5,FLO.GF,0.47175284866194106
2_AN_IN,T2M,0.75,P.V1,-1.2289181047495985
2_AN_IN,T2M,0.75,V1.V4,-0.36447571931697414
2_AN_IN,T2M,0.75,V4.VT,0.9209401941068162
2_AN_IN,T2M,0.75,VT.FLO,-0.8850711057743137
2_AN_IN,T2M,0.75,FLO.GF,0.22998615035827918
2_AN_IN,T2M_RANGE,0.25,P.V1,-0.8486216546046585
2_AN_IN,T2M_RANGE,0.25,V1.V4,1.0323081376444918
2_AN_IN,T2M_RANGE,0.25,V4.VT,0.832494796923779
2_AN_IN,T2M_RANGE,0.25,VT.FLO,-0.7735106804056853
2_AN_IN,T2M_RANGE,0.25,FLO.GF,0.0633581926800528
2_AN_IN,T2M_RANGE,0.5,P.V1,-0.8029968108566502
2_AN_IN,T2M_RANGE,0.5,V1.V4,-0.2100420126042014
2_AN_IN,T2M_RANGE,0.5,V4.VT,0.48546959216133917
2_AN_IN,T2M_RANGE,0.5,VT.FLO,-0.6851228418389218
2_AN_IN,T2M_RANGE,0.5,FLO.GF,-0.7291881967758542
2_AN_IN,T2M_RANGE,0.75,P.V1,-0.835009125440302
2_AN_IN,T2M_RANGE,0.75,V1.V4,-0.5805909156926967
2_AN_IN,T2M_RANGE,0.75,V4.VT,0.009474524094762045
2_AN_IN,T2M_RANGE,0.75,VT.FLO,-0.8660254037844387
2_AN_IN,T2M_RANGE,0.75,FLO.GF,-0.667382938490998
2_AN_IN,T2MDEW,0.25,P.V1,-0.6599120175960933
2_AN_IN,T2MDEW,0.25,V1.V4,-0.8633317980390535
2_AN_IN,T2MDEW,0.25,V4.VT,1.4025998165382583
2_AN_IN,T2MDEW,0.25,VT.FLO,-0.864202499316409
2_AN_IN,T2MDEW,0.25,FLO.GF,0.8063737027069953
2_AN_IN,T2MDEW,0.5,P.V1,-1.1250858553097969
2_AN_IN,T2MDEW,0.5,V1.V4,-0.9199957811456619
2_AN_IN,T2MDEW,0.5,V4.VT,1.0419168425891736
2_AN_IN,T2MDEW,0.5,VT.FLO,-0.8503728798268286
2_AN_IN,T2MDEW,0.5,FLO.GF,0.625342855554434
2_AN_IN,T2MDEW,0.75,P.V1,-1.1347364340884967
2_AN_IN,T2MDEW,0.75,V1.V4,-0.8627442470156423
2_AN_IN,T2MDEW,0.75,V4.VT,1.0667940925146284
2_AN_IN,T2MDEW,0.75,VT.FLO,-0.8013602410759161
2_AN_IN,T2MDEW,0.75,FLO.GF,0.658328880218009
2_AN_IN,VPD,0.25,P.V1,-0.8660254037844386
2_AN_IN,VPD,0.25,V1.V4,1.358636258347072
2_AN_IN,VPD,0.25,V4.VT,0.8654141523197455
2_AN_IN,VPD,0.25,VT.FLO,-0.7196304732186712
2_AN_IN,VPD,0.25,FLO.GF,-0.20319320317427708
2_AN_IN,VPD,0.5,P.V1,-0.9988085072986881
2_AN_IN,VPD,0.5,V1.V4,-0.25528506245386584
2_AN_IN,VPD,0.5,V4.VT,0.6090326744721043
2_AN_IN,VPD,0.5,VT.FLO,-0.7624439305466137
2_AN_IN,VPD,0.5,FLO.GF,0.6375132442037291
2_AN_IN,VPD,0.75,P.V1,-0.9098391516881144
2_AN_IN,VPD,0.75,V1.V4,1.2375765595950847
2_AN_IN,VPD,0.75,V4.VT,0.7730808731904631
2_AN_IN,VPD,0.75,VT.FLO,-0.8537317612451167
2_AN_IN,VPD,0.75,FLO.GF,-0.10717360158944107
2_AN_IN,WS2M,0.25,P.V1,-0.44629623331241813
2_AN_IN,WS2M,0.25,V1.V4,0.816496580927726
2_AN_IN,WS2M,0.25,V4.VT,-0.8565861529340602
2_AN_IN,WS2M,0.25,VT.FLO,0.9075641377705785
2_AN_IN,WS2M,0.25,FLO.GF,0.7366756612650734
2_AN_IN,WS2M,0.5,P.V1,0.46205067243422054
2_AN_IN,WS2M,0.5,V1.V4,0.8254259726482812
2_AN_IN,WS2M,0.5,V4.VT,-0.5317050689751145
2_AN_IN,WS2M,0.5,VT.FLO,0.8660254037844386
2_AN_IN,WS2M,0.5,FLO.GF,0.6405437894369336
2_AN_IN,WS2M,0.75,P.V1,0.5459708300428694
2_AN_IN,WS2M,0.75,V1.V4,0.9776720996668987
2_AN_IN,WS2M,0.75,V4.VT,-1.0793850228352084
2_AN_IN,WS2M,0.75,VT.FLO,0.8660254037844386
2_AN_IN,WS2M,0.75,FLO.GF,0.842426398145239
2_PI_IN,ETP,0.25,P.V1,0.7843655797003742
2_PI_IN,ETP,0.25,V1.V4,-0.5135889016682623
2_PI_IN,ETP,0.25,V4.VT,-1.387085493736835
2_PI_IN,ETP,0.25,VT.FLO,-0.8571014612250499
2_PI_IN,ETP,0.25,FLO.GF,1.1250669699971416
2_PI_IN,ETP,0.5,P.V1,0.863493144205175
2_PI_IN,ETP,0.5,V1.V4,-0.5986161559548334
2_PI_IN,ETP,0.5,V4.VT,-0.8397850491533936
2_PI_IN,ETP,0.5,VT.FLO,-0.8493318588401805
2_PI_IN,ETP,0.5,FLO.GF,-0.4612442595020721
2_PI_IN,ETP,0.75,P.V1,0.8589776807606984
2_PI_IN,ETP,0.75,V1.V4,-0.5817738363631977
2_PI_IN,ETP,0.75,V4.VT,-0.856313056405978
2_PI_IN,ETP,0.75,VT.FLO,0.6871417980608635
2_PI_IN,ETP,0.75,FLO.GF,-0.8096090850630387
2_PI_IN,FRUE,0.25,P.V1,-0.7220950349652627
2_PI_IN,FRUE,0.25,V1.V4,-0.8870160665005753
2_PI_IN,FRUE,0.25,V4.VT,0.8606866670144088
2_PI_IN,FRUE,0.25,VT.FLO,-0.8659165811943351
2_PI_IN,FRUE,0.25,FLO.GF,0.8630812499563151
2_PI_IN,FRUE,0.5,P.V1,-0.5200717733598202
2_PI_IN,FRUE,0.5,V1.V4,-0.8535646259999814
2_PI_IN,FRUE,0.5,V4.VT,0.8195911373527063
2_PI_IN,FRUE,0.5,VT.FLO,-0.75128769909567406
2_PI_IN,FRUE,0.5,FLO.GF,1.033894524575295
2_PI_IN,FRUE,0.75,P.V1,-0.2451581250333831
2_PI_IN,FRUE,0.75,V1.V4,-0.76389829454086
2_PI_IN,FRUE,0.75,V4.VT,0.7747941109378588
2_PI_IN,FRUE,0.75,VT.FLO,-0.7242963340222919
2_PI_IN,FRUE,0.75,FLO.GF,0.680766585341497
2_PI_IN,n,0.25,P.V1,0.7662060871271513
2_PI_IN,n,0.25,V1.V4,-0.5294073365375715
2_PI_IN,n,0.25,V4.VT,-1.421266167488756
2_PI_IN,n,0.25,VT.FLO,-0.8611696688416103
2_PI_IN,n,0.25,FLO.GF,0.22266119351854344
2_PI_IN,N,0.25,P.V1,0.9024828961076286
2_PI_IN,N,0.25,V1.V4,0.9303687916882123
2_PI_IN,N,0.25,V4.VT,0.9497153340502569
2_PI_IN,N,0.25,VT.FLO,0.9679861457571597
2_PI_IN,N,0.25,FLO.GF,0.996732157805095
2_PI_IN,n,0.5,P.V1,0.860488534163421
2_PI_IN,n,0.5,V1.V4,-0.6357631467543107
2_PI_IN,n,0.5,V4.VT,-0.8498304310343785
2_PI_IN,n,0.5,VT.FLO,-0.8906156954466166
2_PI_IN,n,0.5,FLO.GF,-0.5948012129046523
2_PI_IN,N,0.5,P.V1,0.8956337179539572
2_PI_IN,N,0.5,V1.V4,0.924757020142742
2_PI_IN,N,0.5,V4.VT,0.9456248702088137
2_PI_IN,N,0.5,VT.FLO,0.963211049347295
2_PI_IN,N,0.5,FLO.GF,0.9875138825957805
2_PI_IN,n,0.75,P.V1,0.8547240139950303
2_PI_IN,n,0.75,V1.V4,-0.5446062284824003
2_PI_IN,n,0.75,V4.VT,-0.8445385049112221
2_PI_IN,n,0.75,VT.FLO,0.2648399611513844
2_PI_IN,n,0.75,FLO.GF,-0.8608106585111821
2_PI_IN,N,0.75,P.V1,0.88757744329471
2_PI_IN,N,0.75,V1.V4,0.9181553582296837
2_PI_IN,N,0.75,V4.VT,0.9411568933966646
2_PI_IN,N,0.75,VT.FLO,0.9586795673038266
2_PI_IN,N,0.75,FLO.GF,0.9801509897577511
2_PI_IN,PETP,0.25,P.V1,1.4821625756591685
2_PI_IN,PETP,0.25,V1.V4,1.0256464529323428
2_PI_IN,PETP,0.25,V4.VT,-0.41323842774746805
2_PI_IN,PETP,0.25,VT.FLO,1.3183756181249484
2_PI_IN,PETP,0.25,FLO.GF,0.7094632064392665
2_PI_IN,PETP,0.5,V1.V4,-0.7717389252073265
2_PI_IN,PETP,0.5,V4.VT,-0.22454980173757444
2_PI_IN,PETP,0.5,VT.FLO,0.9075257762652986
2_PI_IN,PETP,0.5,FLO.GF,0.1712129104865579
2_PI_IN,PETP,0.75,V1.V4,-0.5886105474228779
2_PI_IN,PETP,0.75,V4.VT,-0.434674269230752
2_PI_IN,PETP,0.75,VT.FLO,0.8609576824739218
2_PI_IN,PETP,0.75,FLO.GF,-0.17374487560677201
2_PI_IN,PRECTOT,0.25,P.V1,0.8640955146898106
2_PI_IN,PRECTOT,0.25,V1.V4,0.9230551152949004
2_PI_IN,PRECTOT,0.25,V4.VT,-0.9901960784313726
2_PI_IN,PRECTOT,0.25,VT.FLO,0.7996127381260576
2_PI_IN,PRECTOT,0.25,FLO.GF,1.0584754935143137
2_PI_IN,PRECTOT,0.5,V1.V4,-0.3212131236566442
2_PI_IN,PRECTOT,0.5,V4.VT,-1.0340509359362249
2_PI_IN,PRECTOT,0.5,VT.FLO,1.2147467868233117
2_PI_IN,PRECTOT,0.5,FLO.GF,0.18471177212559203
2_PI_IN,PRECTOT,0.75,V1.V4,-0.7259143701997183
2_PI_IN,PRECTOT,0.75,V4.VT,-0.4512823898748663
2_PI_IN,PRECTOT,0.75,VT.FLO,0.8644825911494067
2_PI_IN,PRECTOT,0.75,FLO.GF,0.0928441171727976
2_PI_IN,RH2M,0.25,V1.V4,0.08634849442176021
2_PI_IN,RH2M,0.25,VT.FLO,0.8204724249620269
2_PI_IN,RH2M,0.25,FLO.GF,0.7890279697741321
2_PI_IN,RH2M,0.5,V1.V4,0.6742551088123419
2_PI_IN,RH2M,0.5,V4.VT,-1.0238699155971887
2_PI_IN,RH2M,0.5,VT.FLO,-0.004223207961003398
2_PI_IN,RH2M,0.5,FLO.GF,0.7956820525733445
2_PI_IN,RH2M,0.75,P.V1,0.862120641267623
2_PI_IN,RH2M,0.75,V1.V4,-0.787782039317875
2_PI_IN,RH2M,0.75,V4.VT,-1.0715209695505161
2_PI_IN,RH2M,0.75,VT.FLO,0.5999743374964356
2_PI_IN,RH2M,0.75,FLO.GF,0.39802147428300627
2_PI_IN,RTA,0.25,P.V1,0.9005675722454829
2_PI_IN,RTA,0.25,V1.V4,0.9296435525563401
2_PI_IN,RTA,0.25,V4.VT,0.9514390032814144
2_PI_IN,RTA,0.25,VT.FLO,0.9730314602689225
2_PI_IN,RTA,0.25,FLO.GF,1.0023001570742693
2_PI_IN,RTA,0.5,P.V1,0.893445501819526
2_PI_IN,RTA,0.5,V1.V4,0.9236875222294645
2_PI_IN,RTA,0.5,V4.VT,0.9466356034396033
2_PI_IN,RTA,0.5,VT.FLO,0.9675321238119948
2_PI_IN,RTA,0.5,FLO.GF,0.9934608146434073
2_PI_IN,RTA,0.75,P.V1,0.8849920019750026
2_PI_IN,RTA,0.75,V1.V4,0.9167900673689675
2_PI_IN,RTA,0.75,V4.VT,0.9415092908694978
2_PI_IN,RTA,0.75,VT.FLO,0.9621644396067818
2_PI_IN,RTA,0.75,FLO.GF,0.9861048606493265
2_PI_IN,SPV,0.25,P.V1,-0.715316810616963
2_PI_IN,SPV,0.25,V1.V4,-0.8866393053139968
2_PI_IN,SPV,0.25,V4.VT,0.8609114678051216
2_PI_IN,SPV,0.25,VT.FLO,-0.865905322549152
2_PI_IN,SPV,0.25,FLO.GF,0.8638656274143437
2_PI_IN,SPV,0.5,P.V1,-0.5309321273338533
2_PI_IN,SPV,0.5,V1.V4,-0.8482056813136468
2_PI_IN,SPV,0.5,V4.VT,0.819576389469645
2_PI_IN,SPV,0.5,VT.FLO,-0.7556202504475443
2_PI_IN,SPV,0.5,FLO.GF,1.0385268586297687
2_PI_IN,SPV,0.75,P.V1,-0.25738739558781615
2_PI_IN,SPV,0.75,V1.V4,-0.7617449367874015
2_PI_IN,SPV,0.75,V4.VT,0.772564589597887
2_PI_IN,SPV,0.75,VT.FLO,-0.726710434850771
2_PI_IN,SPV,0.75,FLO.GF,0.6848241027700176
2_PI_IN,SRAD,0.25,V1.V4,-0.5268250146040827
2_PI_IN,SRAD,0.25,V4.VT,-1.4076318153124645
2_PI_IN,SRAD,0.25,VT.FLO,-0.8603183506152741
2_PI_IN,SRAD,0.25,FLO.GF,1.0004078550851052
2_PI_IN,SRAD,0.5,V1.V4,-0.6220952727693916
2_PI_IN,SRAD,0.5,V4.VT,-0.8341283707209928
2_PI_IN,SRAD,0.5,VT.FLO,-0.8647199536697662
2_PI_IN,SRAD,0.5,FLO.GF,-0.43082789084293877
2_PI_IN,SRAD,0.75,V1.V4,-0.4411496912340285
2_PI_IN,SRAD,0.75,V4.VT,-0.865997126788896
2_PI_IN,SRAD,0.75,VT.FLO,0.6715194527530345
2_PI_IN,SRAD,0.75,FLO.GF,-0.7634427930214718
2_PI_IN,T2M_MAX,0.25,P.V1,-0.8489703622321378
2_PI_IN,T2M_MAX,0.25,V1.V4,-1.2495782421011243
2_PI_IN,T2M_MAX,0.25,V4.VT,0.8660254037844347
2_PI_IN,T2M_MAX,0.25,VT.FLO,-0.8213242713844814
2_PI_IN,T2M_MAX,0.25,FLO.GF,0.5253617632136411
2_PI_IN,T2M_MAX,0.5,P.V1,-0.4733763629754037
2_PI_IN,T2M_MAX,0.5,V1.V4,-0.9370199002951389
2_PI_IN,T2M_MAX,0.5,V4.VT,0.8654217600375402
2_PI_IN,T2M_MAX,0.5,VT.FLO,-0.8372297207134665
2_PI_IN,T2M_MAX,0.5,FLO.GF,0.8958160610754595
2_PI_IN,T2M_MAX,0.75,P.V1,-0.8656878432746332
2_PI_IN,T2M_MAX,0.75,V1.V4,-0.7397584219707295
2_PI_IN,T2M_MAX,0.75,V4.VT,0.851028158781263
2_PI_IN,T2M_MAX,0.75,VT.FLO,-0.6924258917603742
2_PI_IN,T2M_MAX,0.75,FLO.GF,0.21783719486290384
2_PI_IN,T2M_MIN,0.25,P.V1,0.17409442210611598
2_PI_IN,T2M_MIN,0.25,V1.V4,-1.3781565274749148
2_PI_IN,T2M_MIN,0.25,V4.VT,0.7664276816454941
2_PI_IN,T2M_MIN,0.25,VT.FLO,-0.8616271798365129
2_PI_IN,T2M_MIN,0.25,FLO.GF,0.8412655353705824
2_PI_IN,T2M_MIN,0.5,P.V1,-0.3290144328413135
2_PI_IN,T2M_MIN,0.5,V1.V4,-0.9042908467323265
2_PI_IN,T2M_MIN,0.5,V4.VT,0.7594487488229685
2_PI_IN,T2M_MIN,0.5,VT.FLO,-0.8573797266002879
2_PI_IN,T2M_MIN,0.5,FLO.GF,1.1279309994021314
2_PI_IN,T2M_MIN,0.75,P.V1,0.39616056349026635
2_PI_IN,T2M_MIN,0.75,V1.V4,-0.9618640661506305
2_PI_IN,T2M_MIN,0.75,V4.VT,0.7086267422428453
2_PI_IN,T2M_MIN,0.75,VT.FLO,-0.42235449130422187
2_PI_IN,T2M_MIN,0.75,FLO.GF,0.5393598630781526
2_PI_IN,T2M,0.25,P.V1,-0.7256721692924104
2_PI_IN,T2M,0.25,V1.V4,-0.9217221568755806
2_PI_IN,T2M,0.25,V4.VT,0.8503573188496171
2_PI_IN,T2M,0.25,VT.FLO,-0.8660247195182645
2_PI_IN,T2M,0.25,FLO.GF,0.7679543906194565
2_PI_IN,T2M,0.5,P.V1,-0.6187216025157862
2_PI_IN,T2M,0.5,V1.V4,-0.845688028389626
2_PI_IN,T2M,0.5,V4.VT,0.8657307511211239
2_PI_IN,T2M,0.5,VT.FLO,-0.8637961566591614
2_PI_IN,T2M,0.5,FLO.GF,1.1160982029319062
2_PI_IN,T2M,0.75,P.V1,-0.39195709336138207
2_PI_IN,T2M,0.75,V1.V4,-0.9971505528483253
2_PI_IN,T2M,0.75,V4.VT,0.8093110796696251
2_PI_IN,T2M,0.75,VT.FLO,-0.8389936512437618
2_PI_IN,T2M,0.75,FLO.GF,0.5613071945525793
2_PI_IN,T2M_RANGE,0.25,P.V1,-0.8486216546046585
2_PI_IN,T2M_RANGE,0.25,V1.V4,0.6814583130855816
2_PI_IN,T2M_RANGE,0.25,V4.VT,0.832494796923779
2_PI_IN,T2M_RANGE,0.25,VT.FLO,-0.7735106804056853
2_PI_IN,T2M_RANGE,0.25,FLO.GF,-1.1143588006668963
2_PI_IN,T2M_RANGE,0.5,P.V1,-0.8386855580058349
2_PI_IN,T2M_RANGE,0.5,V1.V4,-1.3302660798266035
2_PI_IN,T2M_RANGE,0.5,V4.VT,0.7785833081832899
2_PI_IN,T2M_RANGE,0.5,VT.FLO,-0.7327835612711939
2_PI_IN,T2M_RANGE,0.5,FLO.GF,-0.7291881967758542
2_PI_IN,T2M_RANGE,0.75,P.V1,-0.8649199000829391
2_PI_IN,T2M_RANGE,0.75,V1.V4,-0.5805909156926967
2_PI_IN,T2M_RANGE,0.75,V4.VT,0.3126592951272148
2_PI_IN,T2M_RANGE,0.75,VT.FLO,-0.8660254037844387
2_PI_IN,T2M_RANGE,0.75,FLO.GF,-1.044065333222117
2_PI_IN,T2MDEW,0.25,P.V1,-0.25139505432232045
2_PI_IN,T2MDEW,0.25,V1.V4,-0.8633317980390535
2_PI_IN,T2MDEW,0.25,V4.VT,0.03339523372709489
2_PI_IN,T2MDEW,0.25,VT.FLO,-0.864202499316409
2_PI_IN,T2MDEW,0.25,FLO.GF,0.8481186743743132
2_PI_IN,T2MDEW,0.5,P.V1,-0.49580054640770344
2_PI_IN,T2MDEW,0.5,V1.V4,-0.8090415160828649
2_PI_IN,T2MDEW,0.5,V4.VT,0.6630379907385572
2_PI_IN,T2MDEW,0.5,VT.FLO,-0.8503728798268286
2_PI_IN,T2MDEW,0.5,FLO.GF,0.9308538689550835
2_PI_IN,T2MDEW,0.75,P.V1,-0.5427000336945034
2_PI_IN,T2MDEW,0.75,V1.V4,-0.8627442470156423
2_PI_IN,T2MDEW,0.75,V4.VT,0.32715018837113813
2_PI_IN,T2MDEW,0.75,VT.FLO,-0.41827095509816187
2_PI_IN,T2MDEW,0.75,FLO.GF,0.8028784195498894
2_PI_IN,VPD,0.25,P.V1,-0.8660254037844386
2_PI_IN,VPD,0.25,V1.V4,-0.9419014142911121
2_PI_IN,VPD,0.25,V4.VT,0.8654141523197455
2_PI_IN,VPD,0.25,VT.FLO,-0.7196304732186712
2_PI_IN,VPD,0.25,FLO.GF,-0.6782073809242006
2_PI_IN,VPD,0.5,P.V1,-0.6743030420192385
2_PI_IN,VPD,0.5,V1.V4,-1.252266530692673
2_PI_IN,VPD,0.5,V4.VT,1.0764136263032857
2_PI_IN,VPD,0.5,VT.FLO,-0.7624439305466137
2_PI_IN,VPD,0.5,FLO.GF,0.6375132442037291
2_PI_IN,VPD,0.75,P.V1,-0.8209094817718459
2_PI_IN,VPD,0.75,V1.V4,0.13130617183593832
2_PI_IN,VPD,0.75,V4.VT,0.9415432853912694
2_PI_IN,VPD,0.75,VT.FLO,-0.8537317612451167
2_PI_IN,VPD,0.75,FLO.GF,-0.10717360158944107
2_PI_IN,WS2M,0.25,P.V1,-1.140534818465069
2_PI_IN,WS2M,0.25,V1.V4,0.816496580927726
2_PI_IN,WS2M,0.25,V4.VT,-0.8565861529340602
2_PI_IN,WS2M,0.25,VT.FLO,0.8234655304095982
2_PI_IN,WS2M,0.25,FLO.GF,0.9152637003596369
2_PI_IN,WS2M,0.5,P.V1,-1.283474090095057
2_PI_IN,WS2M,0.5,V1.V4,0.8254259726482812
2_PI_IN,WS2M,0.5,V4.VT,-0.5317050689751145
2_PI_IN,WS2M,0.5,VT.FLO,0.8660254037844386
2_PI_IN,WS2M,0.5,FLO.GF,0.8203455548929149
2_PI_IN,WS2M,0.75,P.V1,-1.3530581440192886
2_PI_IN,WS2M,0.75,V1.V4,0.663019010118932
2_PI_IN,WS2M,0.75,V4.VT,-0.6222337190461783
2_PI_IN,WS2M,0.75,VT.FLO,0.8660254037844386
2_PI_IN,WS2M,0.75,FLO.GF,0.842426398145239
