Environment,Covariate,Quantile,Time,Value
IP,ETP,0.25,0,0.8072033420820323
IP,ETP,0.25,14,-0.1575354492351594
IP,ETP,0.25,35,-0.007146517927270473
IP,ETP,0.25,65,-0.14004412393533552
IP,ETP,0.25,90,-0.4631259281384911
IP,ETP,0.5,0,0.29733319648365997
IP,ETP,0.5,14,0.11855513833864836
IP,ETP,0.5,35,-0.4277037906483318
IP,ETP,0.5,65,0.5519360854907565
IP,ETP,0.5,90,-0.41591615688507255
IP,ETP,0.75,0,-0.6488878021265145
IP,ETP,0.75,14,0.6139140200594657
IP,ETP,0.75,35,-0.9906175098813421
IP,ETP,0.75,65,0.8529806875606653
IP,ETP,0.75,90,-0.5638679935337441
IP,fRUE,0.25,0,0.768612311494346
IP,fRUE,0.25,14,-0.10944499302447369
IP,fRUE,0.25,35,-0.12373383816411583
IP,fRUE,0.25,65,-0.13359376828387112
IP,fRUE,0.25,90,-0.08889172581445105
IP,fRUE,0.5,0,0.35011896238402174
IP,fRUE,0.5,14,0.39157173761900443
IP,fRUE,0.5,35,0.3379698303102073
IP,fRUE,0.5,65,-0.21049633019110067
IP,fRUE,0.5,90,-0.2161491306285357
IP,fRUE,0.75,0,0.2729011183054106
IP,fRUE,0.75,14,0.35750519771479056
IP,fRUE,0.75,35,0.42114778139484077
IP,fRUE,0.75,65,-0.007288034762158151
IP,fRUE,0.75,90,-0.27223841353833655
IP,n,0.25,0,0.8700849929041437
IP,n,0.25,14,0.322653727116105
IP,n,0.25,35,0.41476577917690666
IP,n,0.25,65,0.5699901461651887
IP,n,0.25,90,-0.06220931783762077
IP,N,0.25,0,-1.0015333712520853
IP,N,0.25,14,-1.3372740605100721
IP,N,0.25,35,-0.9442402900214304
IP,N,0.25,65,-0.6772693992198605
IP,N,0.25,90,-0.42976302905453384
IP,n,0.5,0,0.40815202713715776
IP,n,0.5,14,0.8575904305582471
IP,n,0.5,35,-0.34020794509797886
IP,n,0.5,65,1.531900010112105
IP,n,0.5,90,0.01127504918885768
IP,N,0.5,0,-0.8876000146153188
IP,N,0.5,14,-1.3453652290884996
IP,N,0.5,35,-1.042387872133787
IP,N,0.5,65,-0.7303683365852941
IP,N,0.5,90,-0.4979338776114778
IP,n,0.75,0,-0.4261786516226116
IP,n,0.75,14,1.3743331044315397
IP,n,0.75,35,-1.2418043363942752
IP,n,0.75,65,1.0725934206139796
IP,n,0.75,90,-0.20758601553521466
IP,N,0.75,0,-0.7753728429193893
IP,N,0.75,14,-1.2814682812456883
IP,N,0.75,35,-1.1538204815550592
IP,N,0.75,65,-0.7868989168453109
IP,N,0.75,90,-0.5579553078124379
IP,PETP,0.25,0,-0.21795811922397212
IP,PETP,0.25,14,0.6832661106097729
IP,PETP,0.25,35,0.10742873441834737
IP,PETP,0.25,65,-0.3277835844923702
IP,PETP,0.25,90,0.32130853903978607
IP,PETP,0.5,0,0.41853290714090924
IP,PETP,0.5,14,0.8562614923358866
IP,PETP,0.5,35,-0.6445917229702528
IP,PETP,0.5,65,-0.19791476984701178
IP,PETP,0.5,90,0.11878974447577924
IP,PETP,0.75,0,1.0039619089617215
IP,PETP,0.75,14,0.9361972521457868
IP,PETP,0.75,35,-0.6592514532684342
IP,PETP,0.75,65,-0.8311680104999939
IP,PETP,0.75,90,0.037088059133004773
IP,PRECTOT,0.25,0,0.9667948375865792
IP,PRECTOT,0.25,14,1.0893409157583362
IP,PRECTOT,0.25,35,-0.5893116809737686
IP,PRECTOT,0.25,65,-0.5049266177394808
IP,PRECTOT,0.25,90,-0.447213595499958
IP,PRECTOT,0.5,0,1.450080689284383
IP,PRECTOT,0.5,14,1.2243617890975527
IP,PRECTOT,0.5,35,-0.48016582790680273
IP,PRECTOT,0.5,65,-0.42147018414949927
IP,PRECTOT,0.5,90,-0.553518724817331
IP,PRECTOT,0.75,0,0.9667219345479723
IP,PRECTOT,0.75,14,0.9605909301907816
IP,PRECTOT,0.75,35,-1.2559995516717952
IP,PRECTOT,0.75,65,0.42799599455148046
IP,PRECTOT,0.75,90,-0.24524696561953915
IP,Ra,0.25,0,-1.2536445807438217
IP,Ra,0.25,14,-1.0109174127774936
IP,Ra,0.25,35,-0.839876164611523
IP,Ra,0.25,65,-0.6911199386574118
IP,Ra,0.25,90,-0.45558698451265345
IP,Ra,0.5,0,-1.3150465725353906
IP,Ra,0.5,14,-1.0562624843213202
IP,Ra,0.5,35,-0.8786255985749793
IP,Ra,0.5,65,-0.7282478083642945
IP,Ra,0.5,90,-0.529401445664196
IP,Ra,0.75,0,-1.379510744668751
IP,Ra,0.75,14,-1.112105742774463
IP,Ra,0.75,35,-0.919635217456936
IP,Ra,0.75,65,-0.7629888782094744
IP,Ra,0.75,90,-0.5898436121285644
IP,RH2M,0.25,0,0.3039330984229184
IP,RH2M,0.25,14,0.4043427187066131
IP,RH2M,0.25,35,0.16560341335571652
IP,RH2M,0.25,65,-0.08740016930766742
IP,RH2M,0.25,90,-0.40739547928289854
IP,RH2M,0.5,0,0.11206864092947855
IP,RH2M,0.5,14,0.39566017690147154
IP,RH2M,0.5,35,0.1436789098263919
IP,RH2M,0.5,65,-0.20895296757813675
IP,RH2M,0.5,90,-0.48413252309093385
IP,RH2M,0.75,0,0.01218713481955044
IP,RH2M,0.75,14,0.25377795279152654
IP,RH2M,0.75,35,-0.057991519440341144
IP,RH2M,0.75,65,-0.3608063899836615
IP,RH2M,0.75,90,-0.5000680541320046
IP,SPV,0.25,0,0.6480643702099006
IP,SPV,0.25,14,-0.18248484059378597
IP,SPV,0.25,35,-0.1368414575095531
IP,SPV,0.25,65,-0.1529883323784979
IP,SPV,0.25,90,-0.19004411667534327
IP,SPV,0.5,0,0.448780866507544
IP,SPV,0.5,14,0.032824931192546425
IP,SPV,0.5,35,0.009543377037782012
IP,SPV,0.5,65,-0.2333802102791066
IP,SPV,0.5,90,-0.28079168384876557
IP,SPV,0.75,0,0.32839808520345143
IP,SPV,0.75,14,-0.08184363761450311
IP,SPV,0.75,35,0.01721032275768766
IP,SPV,0.75,65,-0.16169760009088513
IP,SPV,0.75,90,-0.397308135915396
IP,Srad,0.25,0,0.7836293133481647
IP,Srad,0.25,14,-0.1590670166262642
IP,Srad,0.25,35,-0.032214205424471794
IP,Srad,0.25,65,-0.11094739446237266
IP,Srad,0.25,90,-0.4109266812741746
IP,Srad,0.5,0,0.28200335804373644
IP,Srad,0.5,14,0.20705795868767649
IP,Srad,0.5,35,-0.49418349491260405
IP,Srad,0.5,65,0.5895304250028021
IP,Srad,0.5,90,-0.3452551536870025
IP,Srad,0.75,0,-0.6497755868940339
IP,Srad,0.75,14,0.5786440204744733
IP,Srad,0.75,35,-0.9893233415285096
IP,Srad,0.75,65,0.9055618781007181
IP,Srad,0.75,90,-0.4841003506804841
IP,T2M_MAX,0.25,0,0.8152009028971806
IP,T2M_MAX,0.25,14,-0.07799009939052341
IP,T2M_MAX,0.25,35,0.2406917512997216
IP,T2M_MAX,0.25,65,-0.05094481463753399
IP,T2M_MAX,0.25,90,0.03144279047464729
IP,T2M_MAX,0.5,0,-0.18150873626149008
IP,T2M_MAX,0.5,14,-0.21143077726663997
IP,T2M_MAX,0.5,35,-0.0068488933713737625
IP,T2M_MAX,0.5,65,-0.2012766278843517
IP,T2M_MAX,0.5,90,-0.2713297058994711
IP,T2M_MAX,0.75,0,-0.08940740463050713
IP,T2M_MAX,0.75,14,-0.18723639169550338
IP,T2M_MAX,0.75,35,-0.27227134990291857
IP,T2M_MAX,0.75,65,-0.2551412999073702
IP,T2M_MAX,0.75,90,-0.22948483937259784
IP,T2M_MIN,0.25,0,0.8737672049493537
IP,T2M_MIN,0.25,14,-0.011673750731411347
IP,T2M_MIN,0.25,35,-0.19726637224129887
IP,T2M_MIN,0.25,65,-0.1631577198072376
IP,T2M_MIN,0.25,90,-0.2915109020327432
IP,T2M_MIN,0.5,0,0.7456235031766709
IP,T2M_MIN,0.5,14,-0.11187751690749989
IP,T2M_MIN,0.5,35,0.18725458153536326
IP,T2M_MIN,0.5,65,-0.2408714893896213
IP,T2M_MIN,0.5,90,-0.28141865765787155
IP,T2M_MIN,0.75,0,0.9921826909224031
IP,T2M_MIN,0.75,14,0.40110910111851783
IP,T2M_MIN,0.75,35,0.1245989861821666
IP,T2M_MIN,0.75,65,-0.31983857140042804
IP,T2M_MIN,0.75,90,-0.33911961640559657
IP,T2M,0.25,0,0.7686123114943455
IP,T2M,0.25,14,-0.10944499302447287
IP,T2M,0.25,35,-0.12373383816411565
IP,T2M,0.25,65,-0.1335937682838711
IP,T2M,0.25,90,-0.12041480583855782
IP,T2M,0.5,0,0.35011896238402096
IP,T2M,0.5,14,0.2812335987376289
IP,T2M,0.5,35,0.2752368678033398
IP,T2M,0.5,65,-0.21467235497615592
IP,T2M,0.5,90,-0.27046003255427264
IP,T2M,0.75,0,0.26549969383721683
IP,T2M,0.75,14,0.07688438943018401
IP,T2M,0.75,35,0.14507146581005356
IP,T2M,0.75,65,-0.03995310036470951
IP,T2M,0.75,90,-0.3401885596417609
IP,T2MDEW,0.25,0,0.32778469768712204
IP,T2MDEW,0.25,14,0.26958193300859656
IP,T2MDEW,0.25,35,0.01934738483073684
IP,T2MDEW,0.25,65,-0.21769279812042017
IP,T2MDEW,0.25,90,-0.605402179451769
IP,T2MDEW,0.5,0,0.38248414886640747
IP,T2MDEW,0.5,14,0.26732999275109043
IP,T2MDEW,0.5,35,0.34617336338395477
IP,T2MDEW,0.5,65,-0.2983545979943157
IP,T2MDEW,0.5,90,-0.4624418428655145
IP,T2MDEW,0.75,0,0.428410455703234
IP,T2MDEW,0.75,14,0.774003960082103
IP,T2MDEW,0.75,35,0.3370915845006859
IP,T2MDEW,0.75,65,-0.2843859293337928
IP,T2MDEW,0.75,90,-0.4831491092805769
IP,VPD,0.25,0,0.45332096465271954
IP,VPD,0.25,14,-0.3571664343422872
IP,VPD,0.25,35,-0.01909213588475045
IP,VPD,0.25,65,0.029068832135976826
IP,VPD,0.25,90,0.27608649922729217
IP,VPD,0.5,0,-0.24979854780523716
IP,VPD,0.5,14,-0.35211390700968226
IP,VPD,0.5,35,-0.22180919581790443
IP,VPD,0.5,65,0.055559497469073064
IP,VPD,0.5,90,0.053599594258344
IP,VPD,0.75,0,-0.34727754100494307
IP,VPD,0.75,14,-0.42814859039196573
IP,VPD,0.75,35,-0.36495149487169676
IP,VPD,0.75,65,-0.14844898537939377
IP,VPD,0.75,90,-0.03698085587562666
IP,WS2M,0.25,0,0.10674928656440774
IP,WS2M,0.25,14,0.7069431075700203
IP,WS2M,0.25,35,0.5498731433189915
IP,WS2M,0.25,65,0.7029401863078442
IP,WS2M,0.25,90,0.7718093196443808
IP,WS2M,0.5,0,0.5051992516562768
IP,WS2M,0.5,14,0.4666686921428163
IP,WS2M,0.5,35,0.42488373485583975
IP,WS2M,0.5,65,0.6566994240882837
IP,WS2M,0.5,90,0.8121911350408574
IP,WS2M,0.75,0,0.5459938234798076
IP,WS2M,0.75,14,0.5701139473552668
IP,WS2M,0.75,35,0.47380286246688047
IP,WS2M,0.75,65,0.609548079711581
IP,WS2M,0.75,90,0.861568511864008
IP,SOIL,NA,NA,0.8814613294180728
IP,ALT,NA,NA,0.36485304051619605
NM,ETP,0.25,0,1.0253110059599262
NM,ETP,0.25,14,0.790336792546837
NM,ETP,0.25,35,0.6157988498748347
NM,ETP,0.25,65,1.174586074314423
NM,ETP,0.25,90,0.5614887819493322
NM,ETP,0.5,0,0.8386472631061482
NM,ETP,0.5,14,0.3216392989752067
NM,ETP,0.5,35,0.6648241105147903
NM,ETP,0.5,65,1.0977619021747052
NM,ETP,0.5,90,0.6242386718044471
NM,ETP,0.75,0,0.26149884714117666
NM,ETP,0.75,14,0.00921370086729578
NM,ETP,0.75,35,1.3278249161185856
NM,ETP,0.75,65,0.6447975537075771
NM,ETP,0.75,90,0.15515705194176932
NM,fRUE,0.25,0,0.403362659337943
NM,fRUE,0.25,14,0.4540341789827182
NM,fRUE,0.25,35,0.5080674817069003
NM,fRUE,0.25,65,0.7281898665006873
NM,fRUE,0.25,90,0.7503905585250389
NM,fRUE,0.5,0,0.1933492777344576
NM,fRUE,0.5,14,0.21028852575835474
NM,fRUE,0.5,35,0.3816438640481049
NM,fRUE,0.5,65,0.7790462187139073
NM,fRUE,0.5,90,0.8245689057310838
NM,fRUE,0.75,0,0.12268031923821136
NM,fRUE,0.75,14,0.30757430417920556
NM,fRUE,0.75,35,0.48976656451416223
NM,fRUE,0.75,65,0.7458088906609196
NM,fRUE,0.75,90,0.9285399006593688
NM,n,0.25,0,1.0134995611740996
NM,n,0.25,14,0.1859260592196559
NM,n,0.25,35,0.24511044617382183
NM,n,0.25,65,0.957669274814591
NM,n,0.25,90,-0.2857662401165475
NM,N,0.25,0,-0.05404186121623195
NM,N,0.25,14,0.718524392709354
NM,N,0.25,35,0.9820563780359822
NM,N,0.25,65,0.9744712453856191
NM,N,0.25,90,0.9250188142216552
NM,n,0.5,0,0.842091670828809
NM,n,0.5,14,-0.0975518228226221
NM,n,0.5,35,0.6072998932101435
NM,n,0.5,65,0.48202581081265033
NM,n,0.5,90,-0.1604054937067823
NM,N,0.5,0,-0.17004822834611272
NM,N,0.5,14,0.556656645007028
NM,N,0.5,35,0.9663820595022511
NM,N,0.5,65,0.9805017045196845
NM,N,0.5,90,0.9412708436867534
NM,n,0.75,0,0.17712361377084812
NM,n,0.75,14,-0.5927167588135016
NM,n,0.75,35,0.726761678370672
NM,n,0.75,65,-0.2512688868864752
NM,n,0.75,90,-0.3511544939027328
NM,N,0.75,0,-0.27160047481371513
NM,N,0.75,14,0.34800746236157604
NM,N,0.75,35,0.9283244435841407
NM,N,0.75,65,0.9847119269890378
NM,N,0.75,90,0.9544190847873258
NM,PETP,0.25,0,-0.6411777579328817
NM,PETP,0.25,14,0.03651781099857974
NM,PETP,0.25,35,0.8918879600413332
NM,PETP,0.25,65,-1.5110938995756664
NM,PETP,0.25,90,-0.5637786513412597
NM,PETP,0.5,0,-0.16391097978260824
NM,PETP,0.5,14,-0.21515826340491054
NM,PETP,0.5,35,0.11422709523477599
NM,PETP,0.5,65,-1.4179798265138008
NM,PETP,0.5,90,-0.4696103083384909
NM,PETP,0.75,0,0.10833424806295344
NM,PETP,0.75,14,-0.3995244577722566
NM,PETP,0.75,35,0.971579682372602
NM,PETP,0.75,65,-0.8625317074589817
NM,PETP,0.75,90,-0.5693479011502068
NM,PRECTOT,0.25,0,0.4876564268883847
NM,PRECTOT,0.25,14,0.4581003188785056
NM,PRECTOT,0.25,35,1.701900117718812
NM,PRECTOT,0.25,65,-0.1442647479255659
NM,PRECTOT,0.25,90,-0.447213595499958
NM,PRECTOT,0.5,0,0.27790625629754234
NM,PRECTOT,0.5,14,0.030737116044290046
NM,PRECTOT,0.5,35,1.7656195511484976
NM,PRECTOT,0.5,65,0.11935438843171661
NM,PRECTOT,0.5,90,-0.553518724817331
NM,PRECTOT,0.75,0,0.593916933193037
NM,PRECTOT,0.75,14,-0.16590851415257463
NM,PRECTOT,0.75,35,0.9113215137848512
NM,PRECTOT,0.75,65,0.8097221518541522
NM,PRECTOT,0.75,90,-0.6511729776794659
NM,Ra,0.25,0,0.940452263079046
NM,Ra,0.25,14,0.9869039368180269
NM,Ra,0.25,35,0.9822998171803962
NM,Ra,0.25,65,0.9681201162903917
NM,Ra,0.25,90,0.9267776157091341
NM,Ra,0.5,0,0.9081341396137343
NM,Ra,0.5,14,0.9844460073062947
NM,Ra,0.5,35,0.9846946930510975
NM,Ra,0.5,65,0.9724400563873635
NM,Ra,0.5,90,0.9421012747443979
NM,Ra,0.75,0,0.8524733897070287
NM,Ra,0.75,14,0.9782666763196087
NM,Ra,0.75,35,0.9865351983549802
NM,Ra,0.75,65,0.9759861619407417
NM,Ra,0.75,90,0.9532565615627844
NM,RH2M,0.25,0,1.292965850146498
NM,RH2M,0.25,14,0.7806999031829323
NM,RH2M,0.25,35,1.5385510837681626
NM,RH2M,0.25,65,1.7078465516065726
NM,RH2M,0.25,90,0.8746262216250326
NM,RH2M,0.5,0,1.2289170830691973
NM,RH2M,0.5,14,0.7800935388091801
NM,RH2M,0.5,35,1.5912304732458435
NM,RH2M,0.5,65,1.5826045619242461
NM,RH2M,0.5,90,0.9151226040701749
NM,RH2M,0.75,0,1.1564236817661906
NM,RH2M,0.75,14,0.6132693606915526
NM,RH2M,0.75,35,1.6341741491710637
NM,RH2M,0.75,65,1.5944366197648148
NM,RH2M,0.75,90,0.8717284025544962
NM,SPV,0.25,0,0.5100899858666337
NM,SPV,0.25,14,0.3836270723468092
NM,SPV,0.25,35,0.32924360303776967
NM,SPV,0.25,65,0.6453654955915343
NM,SPV,0.25,90,0.6401841648850652
NM,SPV,0.5,0,0.09207993262474738
NM,SPV,0.5,14,0.1460939823777073
NM,SPV,0.5,35,0.2971332175882091
NM,SPV,0.5,65,0.6639110385459388
NM,SPV,0.5,90,0.6150884968211885
NM,SPV,0.75,0,0.2329286417660767
NM,SPV,0.75,14,0.0754437451271476
NM,SPV,0.75,35,0.11808958218882203
NM,SPV,0.75,65,0.6332197225627845
NM,SPV,0.75,90,0.568090920848262
NM,Srad,0.25,0,1.0476680711550044
NM,Srad,0.25,14,0.7011933794137469
NM,Srad,0.25,35,0.6561726843008517
NM,Srad,0.25,65,1.2038229099933055
NM,Srad,0.25,90,0.38557485102982203
NM,Srad,0.5,0,0.8741363933061727
NM,Srad,0.5,14,0.2866956351060154
NM,Srad,0.5,35,0.7796652031318912
NM,Srad,0.5,65,1.097343761391358
NM,Srad,0.5,90,0.477614634512241
NM,Srad,0.75,0,0.3377688072841238
NM,Srad,0.75,14,0.11572880409489548
NM,Srad,0.75,35,1.4450601253972357
NM,Srad,0.75,65,0.5722647979664284
NM,Srad,0.75,90,0.07124900033991508
NM,T2M_MAX,0.25,0,-0.6391481257456733
NM,T2M_MAX,0.25,14,0.2942353749733417
NM,T2M_MAX,0.25,35,-0.5013873746913763
NM,T2M_MAX,0.25,65,0.2953207223519535
NM,T2M_MAX,0.25,90,0.4779304152146319
NM,T2M_MAX,0.5,0,0.10341776833503362
NM,T2M_MAX,0.5,14,-0.018793846868145406
NM,T2M_MAX,0.5,35,-0.27395573485490915
NM,T2M_MAX,0.5,65,0.32004797136565877
NM,T2M_MAX,0.5,90,0.3856098090147602
NM,T2M_MAX,0.75,0,0.16888065319095988
NM,T2M_MAX,0.75,14,-0.048884378127396697
NM,T2M_MAX,0.75,35,-0.16189107291524998
NM,T2M_MAX,0.75,65,0.2431815514742118
NM,T2M_MAX,0.75,90,0.4525636980073743
NM,T2M_MIN,0.25,0,0.3859845419921882
NM,T2M_MIN,0.25,14,0.5979554541312769
NM,T2M_MIN,0.25,35,0.888818350057292
NM,T2M_MIN,0.25,65,0.9402110328460284
NM,T2M_MIN,0.25,90,0.8332162002983118
NM,T2M_MIN,0.5,0,0.48019118812996037
NM,T2M_MIN,0.5,14,0.5634806644243545
NM,T2M_MIN,0.5,35,0.7098255067503291
NM,T2M_MIN,0.5,65,0.8861691831865095
NM,T2M_MIN,0.5,90,0.8230046784594061
NM,T2M_MIN,0.75,0,0.32986178467838795
NM,T2M_MIN,0.75,14,0.40110910111851783
NM,T2M_MIN,0.75,35,0.523197638660656
NM,T2M_MIN,0.75,65,0.9693380119794185
NM,T2M_MIN,0.75,90,0.8031959589365503
NM,T2M,0.25,0,0.4033626593379423
NM,T2M,0.25,14,0.4540341789827188
NM,T2M,0.25,35,0.508067481706902
NM,T2M,0.25,65,0.7281898665006871
NM,T2M,0.25,90,0.671004059390128
NM,T2M,0.5,0,0.19334927773445842
NM,T2M,0.5,14,0.1207121382709453
NM,T2M,0.5,35,0.3159894792092995
NM,T2M,0.5,65,0.7652030717698451
NM,T2M,0.5,90,0.6256029393791802
NM,T2M,0.75,0,0.1166213608443828
NM,T2M,0.75,14,0.04256100129170909
NM,T2M,0.75,35,0.19488141115256005
NM,T2M,0.75,65,0.674592733081062
NM,T2M,0.75,90,0.6173449065978543
NM,T2MDEW,0.25,0,0.8583032835391101
NM,T2MDEW,0.25,14,1.3389236006093617
NM,T2MDEW,0.25,35,1.237094547706514
NM,T2MDEW,0.25,65,1.1488677615091443
NM,T2MDEW,0.25,90,1.3406048261860608
NM,T2MDEW,0.5,0,0.9732319180579768
NM,T2MDEW,0.5,14,1.3473431634654973
NM,T2MDEW,0.5,35,1.1761158118754544
NM,T2MDEW,0.5,65,1.1329840917438745
NM,T2MDEW,0.5,90,1.2937979648709357
NM,T2MDEW,0.75,0,0.8589737277667884
NM,T2MDEW,0.75,14,1.167565295717069
NM,T2MDEW,0.75,35,1.2600804468239875
NM,T2MDEW,0.75,65,1.2178409209117698
NM,T2MDEW,0.75,90,1.2393573803626101
NM,VPD,0.25,0,-1.2773312115121953
NM,VPD,0.25,14,-0.32376817736900537
NM,VPD,0.25,35,-1.4148738985780214
NM,VPD,0.25,65,-1.08628056292705
NM,VPD,0.25,90,-0.6804019861078765
NM,VPD,0.5,0,-0.7961663683922511
NM,VPD,0.5,14,-0.4248395511971218
NM,VPD,0.5,35,-1.12479318991959
NM,VPD,0.5,65,-1.2293172432573005
NM,VPD,0.5,90,-0.3762844413833978
NM,VPD,0.75,0,-1.027759584371804
NM,VPD,0.75,14,-0.4806212946408642
NM,VPD,0.75,35,-0.9855703365855131
NM,VPD,0.75,65,-1.2449074909722335
NM,VPD,0.75,90,-0.21021126485506483
NM,WS2M,0.25,0,-0.6938703626686497
NM,WS2M,0.25,14,-0.7399093664722493
NM,WS2M,0.25,35,-0.7926265042491146
NM,WS2M,0.25,65,-0.8991673054538499
NM,WS2M,0.25,90,-0.8455852104927408
NM,WS2M,0.5,0,-0.7774309727560321
NM,WS2M,0.5,14,-0.8166702112499286
NM,WS2M,0.5,35,-0.8618304148653155
NM,WS2M,0.5,65,-0.9393038202129632
NM,WS2M,0.5,90,-0.9048572376965257
NM,WS2M,0.75,0,-0.871490141323539
NM,WS2M,0.75,14,-0.8776163520311389
NM,WS2M,0.75,35,-0.9290771213736042
NM,WS2M,0.75,65,-0.9487598641838448
NM,WS2M,0.75,90,-0.9382390129197794
NM,SOIL,NA,NA,-0.1678973960796328
NM,ALT,NA,NA,-0.5035671357923214
PM,ETP,0.25,0,-1.252023721800288
PM,ETP,0.25,14,1.1671644654032718
PM,ETP,0.25,35,-0.11706416145274195
PM,ETP,0.25,65,-0.0767475838534412
PM,ETP,0.25,90,-1.4903966706560257
PM,ETP,0.5,0,-0.5725370112501922
PM,ETP,0.5,14,0.10044282339492189
PM,ETP,0.5,35,0.12562802713435017
PM,ETP,0.5,65,-0.7170552460478107
PM,ETP,0.5,90,-1.3871628180441629
PM,ETP,0.75,0,-1.3891818438717223
PM,ETP,0.75,14,-0.6897983143607416
PM,ETP,0.75,35,0.2662812841791018
PM,ETP,0.75,65,0.501171548303547
PM,ETP,0.75,90,-0.8737105637857913
PM,fRUE,0.25,0,-1.4546464407620205
PM,fRUE,0.25,14,-1.193058785345997
PM,fRUE,0.25,35,-0.8956112012397917
PM,fRUE,0.25,65,-0.6804283638499772
PM,fRUE,0.25,90,-0.5972741847871176
PM,fRUE,0.5,0,-1.21757788411159
PM,fRUE,0.5,14,-1.2109718552291446
PM,fRUE,0.5,35,-0.8815435732942138
PM,fRUE,0.5,65,-0.6405801942028168
PM,fRUE,0.5,90,-0.7231656098806589
PM,fRUE,0.75,0,-1.204270072522043
PM,fRUE,0.75,14,-1.1304354296456502
PM,fRUE,0.75,35,-1.0048363053035745
PM,fRUE,0.75,65,-0.7360915109780405
PM,fRUE,0.75,90,-0.8592597578460253
PM,n,0.25,0,-1.313066057424678
PM,n,0.25,14,1.3615059365566597
PM,n,0.25,35,0.454927357715972
PM,n,0.25,65,0.15093912333406542
PM,n,0.25,90,-0.8460119612459938
PM,N,0.25,0,-0.5618157539252447
PM,N,0.25,14,-0.7928477816939858
PM,N,0.25,35,-0.5859765975161519
PM,N,0.25,65,-0.43745897136253276
PM,N,0.25,90,-0.30390832049066874
PM,n,0.5,0,-0.5994444503960913
PM,n,0.5,14,0.7290656053059185
PM,n,0.5,35,0.8218262879490082
PM,n,0.5,65,-0.866361285352006
PM,n,0.5,90,-0.6844767570392429
PM,N,0.5,0,-0.4911491481650774
PM,N,0.5,14,-0.7887785447862965
PM,N,0.5,35,-0.6400905564387268
PM,N,0.5,65,-0.46708168618510365
PM,N,0.5,90,-0.33663150412104215
PM,n,0.75,0,-1.493917774394405
PM,n,0.75,14,-0.5515311320343574
PM,n,0.75,35,0.9514560379015304
PM,n,0.75,65,0.8646507243897573
PM,n,0.75,90,-0.5038122989879597
PM,N,0.75,0,-0.42218159003442945
PM,N,0.75,14,-0.7415493617138422
PM,N,0.75,35,-0.7006628768737163
PM,N,0.75,65,-0.49857350700208297
PM,N,0.75,90,-0.37057434553266355
PM,PETP,0.25,0,1.5655839005706982
PM,PETP,0.25,14,0.5210710986695661
PM,PETP,0.25,35,-0.8564433528818395
PM,PETP,0.25,65,0.048628749811310976
PM,PETP,0.25,90,1.463639197521845
PM,PETP,0.5,0,0.832385486046917
PM,PETP,0.5,14,0.4841030986775534
PM,PETP,0.5,35,0.04579868034577571
PM,PETP,0.5,65,0.07394984941382009
PM,PETP,0.5,90,1.5382436816735738
PM,PETP,0.75,0,0.8659894920617638
PM,PETP,0.75,14,0.7369897121983058
PM,PETP,0.75,35,-0.7897708406083276
PM,PETP,0.75,65,0.6878699013475502
PM,PETP,0.75,90,1.7114893243014355
PM,PRECTOT,0.25,0,0.700606831643138
PM,PRECTOT,0.25,14,0.38595853637795347
PM,PRECTOT,0.25,35,-0.07403915856037156
PM,PRECTOT,0.25,65,-0.5564497419986114
PM,PRECTOT,0.25,90,-0.447213595499958
PM,PRECTOT,0.5,0,0.09160038615393842
PM,PRECTOT,0.5,14,0.27151119172456195
PM,PRECTOT,0.5,35,-0.2217595604422808
PM,PRECTOT,0.5,65,-0.6266105392665122
PM,PRECTOT,0.5,90,-0.553518724817331
PM,PRECTOT,0.75,0,0.4267974498270305
PM,PRECTOT,0.75,14,0.499016659299378
PM,PRECTOT,0.75,35,-0.8950801402718542
PM,PRECTOT,0.75,65,-0.4395634538636824
PM,PRECTOT,0.75,90,-0.5581482665823994
PM,Ra,0.25,0,-0.6565962891193045
PM,Ra,0.25,14,-0.5906028307182549
PM,Ra,0.25,35,-0.5293688094809893
PM,Ra,0.25,65,-0.4576573422341683
PM,Ra,0.25,90,-0.32809999542199797
PM,Ra,0.5,0,-0.6686531188382696
PM,Ra,0.5,14,-0.6044076043598733
PM,Ra,0.5,35,-0.5450572284100982
PM,Ra,0.5,65,-0.4770278051978221
PM,Ra,0.5,90,-0.3663847958069489
PM,Ra,0.75,0,-0.6762298452698249
PM,Ra,0.75,14,-0.6205651128624494
PM,Ra,0.75,35,-0.5603129280863988
PM,Ra,0.75,65,-0.49436295037939365
PM,Ra,0.75,90,-0.40151651816119077
PM,RH2M,0.25,0,-0.9212451136840983
PM,RH2M,0.25,14,0.30944924056942047
PM,RH2M,0.25,35,-0.5895828328894616
PM,RH2M,0.25,65,-0.8452619977637871
PM,RH2M,0.25,90,-0.5730989644342638
PM,RH2M,0.5,0,-1.3386829437056096
PM,RH2M,0.5,14,0.21535072397130733
PM,RH2M,0.5,35,-0.3513944873282166
PM,RH2M,0.5,65,-1.0321010216738273
PM,RH2M,0.5,90,-0.6663525940931878
PM,RH2M,0.75,0,-1.6026082287708205
PM,RH2M,0.75,14,0.5902881747984001
PM,RH2M,0.75,35,-0.3143632945723359
PM,RH2M,0.75,65,-0.7976383406041584
PM,RH2M,0.75,90,-0.6117415974579347
PM,SPV,0.25,0,-1.483465739267322
PM,SPV,0.25,14,-1.0792764843997267
PM,SPV,0.25,35,-0.7723575209382894
PM,SPV,0.25,65,-0.642056156925211
PM,SPV,0.25,90,-0.6094914915739114
PM,SPV,0.5,0,-1.2608575063971883
PM,SPV,0.5,14,-0.9573863768834606
PM,SPV,0.5,35,-0.7149473396248912
PM,SPV,0.5,65,-0.6409810314040081
PM,SPV,0.5,90,-0.7216883779618073
PM,SPV,0.75,0,-1.2286159686711329
PM,SPV,0.75,14,-0.7715510460692703
PM,SPV,0.75,35,-0.8034773554628322
PM,SPV,0.75,65,-0.7945932321119727
PM,SPV,0.75,90,-0.8621410916432756
PM,Srad,0.25,0,-1.28153097092678
PM,Srad,0.25,14,1.317983852046199
PM,Srad,0.25,35,-0.05905937661153185
PM,Srad,0.25,65,-0.0410592719663897
PM,Srad,0.25,90,-1.3663501345129343
PM,Srad,0.5,0,-0.587692037497971
PM,Srad,0.5,14,0.3796062575940649
PM,Srad,0.5,35,0.15495584162513942
PM,Srad,0.5,65,-0.8405186257465717
PM,Srad,0.5,90,-1.2941815902912335
PM,Srad,0.75,0,-1.4083241795236334
PM,Srad,0.75,14,-0.7059457049788518
PM,Srad,0.75,35,0.18683945709853725
PM,Srad,0.75,65,0.6162851670407692
PM,Srad,0.75,90,-0.7903460538959133
PM,T2M_MAX,0.25,0,-1.0792800686244248
PM,T2M_MAX,0.25,14,-1.238979078954008
PM,T2M_MAX,0.25,35,-0.6885203716804349
PM,T2M_MAX,0.25,65,-0.3215891423994329
PM,T2M_MAX,0.25,90,-0.43862692712132223
PM,T2M_MAX,0.5,0,-0.6669390774259396
PM,T2M_MAX,0.5,14,-0.7752461833110155
PM,T2M_MAX,0.5,35,-0.7431049307939376
PM,T2M_MAX,0.5,65,-0.5684704760517503
PM,T2M_MAX,0.5,90,-0.4560939444690982
PM,T2M_MAX,0.75,0,-0.6854567688338868
PM,T2M_MAX,0.75,14,-0.6760801729694785
PM,T2M_MAX,0.75,35,-0.6088630587418634
PM,T2M_MAX,0.75,65,-0.6587828095264527
PM,T2M_MAX,0.75,90,-0.5441315403186077
PM,T2M_MIN,0.25,0,-1.0137396212761938
PM,T2M_MIN,0.25,14,-1.0882529848506295
PM,T2M_MIN,0.25,35,-0.6827981553119921
PM,T2M_MIN,0.25,65,-0.7676629406757832
PM,T2M_MIN,0.25,90,-0.7132835654068883
PM,T2M_MIN,0.5,0,-1.3899001224264202
PM,T2M_MIN,0.5,14,-1.073751290319533
PM,T2M_MIN,0.5,35,-0.6546652424220839
PM,T2M_MIN,0.5,65,-0.7910100762671533
PM,T2M_MIN,0.5,90,-0.8803187757856086
PM,T2M_MIN,0.75,0,-1.5272340896920797
PM,T2M_MIN,0.75,14,-1.2356004494225648
PM,T2M_MIN,0.75,35,-0.8010356623512198
PM,T2M_MIN,0.75,65,-0.6789663339133859
PM,T2M_MIN,0.75,90,-0.9996538090028437
PM,T2M,0.25,0,-1.4546464407620212
PM,T2M,0.25,14,-1.1930587853459962
PM,T2M,0.25,35,-0.8956112012397918
PM,T2M,0.25,65,-0.6804283638499773
PM,T2M,0.25,90,-0.5998047277871187
PM,T2M,0.5,0,-1.2175778841115903
PM,T2M,0.5,14,-1.1377761117878544
PM,T2M,0.5,35,-0.862701435301578
PM,T2M,0.5,65,-0.6405546075901408
PM,T2M,0.5,90,-0.7070035317013406
PM,T2M,0.75,0,-1.1984705805923057
PM,T2M,0.75,14,-0.9459525770963554
PM,T2M,0.75,35,-0.8900414608389322
PM,T2M,0.75,65,-0.7314490682154566
PM,T2M,0.75,90,-0.808295433263257
PM,T2MDEW,0.25,0,-1.690080637785622
PM,T2MDEW,0.25,14,-1.267035085140401
PM,T2MDEW,0.25,35,-0.9093270870446233
PM,T2MDEW,0.25,65,-0.9263905062871755
PM,T2MDEW,0.25,90,-1.0804038894610029
PM,T2MDEW,0.5,0,-1.6300633360065682
PM,T2MDEW,0.5,14,-1.4435819608558897
PM,T2MDEW,0.5,35,-0.8878200139784059
PM,T2MDEW,0.5,65,-0.8486248053825539
PM,T2MDEW,0.5,90,-1.1240627566281618
PM,T2MDEW,0.75,0,-1.6921136592097588
PM,T2MDEW,0.75,14,-1.3687188672638269
PM,T2MDEW,0.75,35,-1.2139310037078217
PM,T2MDEW,0.75,65,-0.7594777171620101
PM,T2MDEW,0.75,90,-1.1975704705523753
PM,VPD,0.25,0,1.3134488987276072
PM,VPD,0.25,14,-0.7234421621458155
PM,VPD,0.25,35,0.05614144554636058
PM,VPD,0.25,65,0.37787400935553195
PM,VPD,0.25,90,0.049326236841030324
PM,VPD,0.5,0,0.40920347610231206
PM,VPD,0.5,14,-0.4548562097591431
PM,VPD,0.5,35,0.0473539697476792
PM,VPD,0.5,65,0.3867726135185619
PM,VPD,0.5,90,-0.031627554191117326
PM,VPD,0.75,0,0.4198246753173531
PM,VPD,0.75,14,-0.2955352315596766
PM,VPD,0.75,35,0.024051336768831987
PM,VPD,0.75,65,0.16799439217448123
PM,VPD,0.75,90,-0.0656452310927693
PM,WS2M,0.25,0,0.4032750825766512
PM,WS2M,0.25,14,0.9450327551972295
PM,WS2M,0.25,35,0.8303268368178081
PM,WS2M,0.25,65,0.5663263691808779
PM,WS2M,0.25,90,0.7115117165471636
PM,WS2M,0.5,0,0.37431861651216375
PM,WS2M,0.5,14,0.7583366247320764
PM,WS2M,0.5,35,0.6326344569462347
PM,WS2M,0.5,65,0.6770306756080449
PM,WS2M,0.5,90,0.7031721907400715
PM,WS2M,0.75,0,0.44099501127215224
PM,WS2M,0.75,14,0.6374502403499834
PM,WS2M,0.75,35,0.772907462795135
PM,WS2M,0.75,65,0.7214707497151197
PM,WS2M,0.75,90,0.6428193421851117
PM,SOIL,NA,NA,-1.5012002473002468
PM,ALT,NA,NA,1.5946292633423516
SE,ETP,0.25,0,-0.8199206958134678
SE,ETP,0.25,14,-1.3291326398866472
SE,ETP,0.25,35,-1.5660605775118495
SE,ETP,0.25,65,-1.5123767383282207
SE,ETP,0.25,90,1.070238375543377
SE,ETP,0.5,0,-1.448283091900553
SE,ETP,0.5,14,-1.6352837866721868
SE,ETP,0.5,35,-1.4646322899204196
SE,ETP,0.5,65,-1.344161303836534
SE,ETP,0.5,90,1.2290633791376875
SE,ETP,0.75,0,0.8519888694523806
SE,ETP,0.75,14,-1.2206544331415594
SE,ETP,0.75,35,-1.0097531443119954
SE,ETP,0.75,65,-1.550649554008237
SE,ETP,0.75,90,1.6591269002920137
SE,fRUE,0.25,0,-0.5971037791774243
SE,fRUE,0.25,14,-0.5753989237227282
SE,fRUE,0.25,35,-0.9262528356908106
SE,fRUE,0.25,65,-1.1788092610747818
SE,fRUE,0.25,90,-1.2711065564431956
SE,fRUE,0.5,0,-0.6950122686130545
SE,fRUE,0.5,14,-0.7323841759170278
SE,fRUE,0.5,35,-1.1335091525513243
SE,fRUE,0.5,65,-1.1755625616320264
SE,fRUE,0.5,90,-1.1139113927629332
SE,fRUE,0.75,0,-0.62842367609778
SE,fRUE,0.75,14,-0.8608086045534904
SE,fRUE,0.75,35,-1.0863211102577701
SE,fRUE,0.75,65,-1.2057648623171644
SE,fRUE,0.75,90,-0.9720143526932455
SE,n,0.25,0,-0.690772870755298
SE,n,0.25,14,-0.5751697226048508
SE,n,0.25,35,-1.7697420495452312
SE,n,0.25,65,-1.6536553484256349
SE,n,0.25,90,1.7118767849013141
SE,N,0.25,0,1.636462562097374
SE,N,0.25,14,0.5180362424438617
SE,N,0.25,35,-0.634315859324443
SE,N,0.25,65,-1.0231476080435833
SE,N,0.25,90,-1.2891930532566804
SE,n,0.5,0,-1.4552646735221042
SE,n,0.5,14,-1.6430981431237337
SE,n,0.5,35,-1.604453335897323
SE,n,0.5,65,-0.6509166256303653
SE,n,0.5,90,1.6734228821608823
SE,N,0.5,0,1.7078427616346508
SE,N,0.5,14,0.871572805472956
SE,N,0.5,35,-0.4523283679886902
SE,N,0.5,65,-0.9553585138975591
SE,N,0.5,90,-1.2253291076545214
SE,n,0.75,0,1.0060812678000846
SE,n,0.75,14,-0.9603943588829933
SE,n,0.75,35,0.46342464070711814
SE,n,0.75,65,-0.28732129938815526
SE,n,0.75,90,1.7591327678825206
SE,N,0.75,0,1.7513332677524094
SE,N,0.75,14,1.214337176174288
SE,N,0.75,35,-0.20291543331865858
SE,N,0.75,65,-0.8785338722324089
SE,N,0.75,90,-1.1618810952000824
SE,PETP,0.25,0,0.2951578149884614
SE,PETP,0.25,14,0.49546634481071683
SE,PETP,0.25,35,1.035200876286064
SE,PETP,0.25,65,0.9414553925887746
SE,PETP,0.25,90,-1.1983973474896725
SE,PETP,0.5,0,0.5777244682391313
SE,PETP,0.5,14,0.5220909701424795
SE,PETP,0.5,35,1.5560474281512457
SE,PETP,0.5,65,1.3857477690161515
SE,PETP,0.5,90,-1.1828527560496729
SE,PETP,0.75,0,-0.619291962033408
SE,PETP,0.75,14,0.2602899722201155
SE,PETP,0.75,35,1.2092126086108608
SE,PETP,0.75,65,1.393472874071333
SE,PETP,0.75,90,-0.7476980264439546
SE,PRECTOT,0.25,0,-1.162709209960952
SE,PRECTOT,0.25,14,-0.425636516753257
SE,PRECTOT,0.25,35,-0.8444466192561303
SE,PRECTOT,0.25,65,-0.5564497419986114
SE,PRECTOT,0.25,90,1.788854381999832
SE,PRECTOT,0.5,0,-0.630334860652526
SE,PRECTOT,0.5,14,0.030737116044290046
SE,PRECTOT,0.5,35,-0.6680976587900915
SE,PRECTOT,0.5,65,-0.7571544016137022
SE,PRECTOT,0.5,90,1.752809295254882
SE,PRECTOT,0.75,0,-1.5207872986306543
SE,PRECTOT,0.75,14,0.34408263830086466
SE,PRECTOT,0.75,35,0.5143101612449162
SE,PRECTOT,0.75,65,-1.5500395478350908
SE,PRECTOT,0.75,90,1.763241114885307
SE,Ra,0.25,0,-0.0819218697328292
SE,Ra,0.25,14,-0.5489564956356376
SE,Ra,0.25,35,-0.8001572529209501
SE,Ra,0.25,65,-0.9957947814022452
SE,Ra,0.25,90,-1.2580605260797173
SE,Ra,0.5,0,0.0792921679431675
SE,Ra,0.5,14,-0.474669469495436
SE,Ra,0.5,35,-0.7461535773361045
SE,Ra,0.5,65,-0.9487943460787991
SE,Ra,0.5,90,-1.184378627730802
SE,Ra,0.75,0,0.2942035723251645
SE,Ra,0.75,14,-0.3766384885483516
SE,Ra,0.75,35,-0.6874617723905458
SE,Ra,0.75,65,-0.9036640768396134
SE,Ra,0.75,90,-1.1170479000254934
SE,RH2M,0.25,0,0.4233949195580717
SE,RH2M,0.25,14,0.25637322737404217
SE,RH2M,0.25,35,0.0069362686222275965
SE,RH2M,0.25,65,-0.21338239533673695
SE,RH2M,0.25,90,1.2223381115193144
SE,RH2M,0.5,0,0.5841386010091533
SE,RH2M,0.5,14,0.35823746025558867
SE,RH2M,0.5,35,-0.2635010218913462
SE,RH2M,0.5,65,0.23428060001184947
SE,RH2M,0.5,90,1.2259327586225133
SE,RH2M,0.75,0,0.21869136370636935
SE,RH2M,0.75,14,0.3079478909682426
SE,RH2M,0.75,35,-0.16658567746568098
SE,RH2M,0.75,65,0.32804399368712295
SE,RH2M,0.75,90,1.2573563784503798
SE,SPV,0.25,0,-0.5674937557050671
SE,SPV,0.25,14,-0.626092941389982
SE,SPV,0.25,35,-0.9566503254732953
SE,SPV,0.25,65,-1.1774903195323547
SE,SPV,0.25,90,-1.1792665226634091
SE,SPV,0.5,0,-0.625181259227637
SE,SPV,0.5,14,-0.7850712972529504
SE,SPV,0.5,35,-1.083717215321205
SE,SPV,0.5,65,-1.1340800432054814
SE,SPV,0.5,90,-1.0201724031338004
SE,SPV,0.75,0,-0.6924558325553616
SE,SPV,0.75,14,-0.8539474994152549
SE,SPV,0.75,35,-0.9143006855304473
SE,SPV,0.75,65,-1.0404047085920376
SE,SPV,0.75,90,-0.7806297595893328
SE,Srad,0.25,0,-0.7723133665850138
SE,Srad,0.25,14,-1.0193274126662812
SE,Srad,0.25,35,-1.5873166220463015
SE,Srad,0.25,65,-1.5218138673500274
SE,Srad,0.25,90,1.3466740871591065
SE,Srad,0.5,0,-1.4351824442173344
SE,Srad,0.5,14,-1.7307921674918316
SE,Srad,0.5,35,-1.4504425175542253
SE,Srad,0.5,65,-1.2549410037188398
SE,Srad,0.5,90,1.388023761881618
SE,Srad,0.75,0,0.8434678690371885
SE,Srad,0.75,14,-1.2498710842248515
SE,Srad,0.75,35,-0.9093695197971551
SE,Srad,0.75,65,-1.421229058685856
SE,Srad,0.75,90,1.6997975795380025
SE,T2M_MAX,0.25,0,-0.3712417257325154
SE,T2M_MAX,0.25,14,-0.4502155737543885
SE,T2M_MAX,0.25,35,-0.7014260956107146
SE,T2M_MAX,0.25,65,-1.3404854351501128
SE,T2M_MAX,0.25,90,-1.3724778042183343
SE,T2M_MAX,0.5,0,-0.8991014145045877
SE,T2M_MAX,0.5,14,-0.6906738724043595
SE,T2M_MAX,0.5,35,-0.6814648904515835
SE,T2M_MAX,0.5,65,-1.085261817916979
SE,T2M_MAX,0.5,90,-1.1540921790654692
SE,T2M_MAX,0.75,0,-0.9834814509355784
SE,T2M_MAX,0.75,14,-0.7867617838239646
SE,T2M_MAX,0.75,35,-0.7001652631637657
SE,T2M_MAX,0.75,65,-0.9328603777863215
SE,T2M_MAX,0.75,90,-1.1423370945123676
SE,T2M_MIN,0.25,0,-1.1303833015485625
SE,T2M_MIN,0.25,14,-0.828836301930337
SE,T2M_MIN,0.25,35,-1.1673120520450089
SE,T2M_MIN,0.25,65,-1.1227363956519676
SE,T2M_MIN,0.25,90,-1.0755202916040714
SE,T2M_MIN,0.5,0,-0.7142542295802459
SE,T2M_MIN,0.5,14,-0.7667702988050524
SE,T2M_MIN,0.5,35,-1.346587856364123
SE,T2M_MIN,0.5,65,-1.0497238982041541
SE,T2M_MIN,0.5,90,-0.9286171724088126
SE,T2M_MIN,0.75,0,-0.42336591261872275
SE,T2M_MIN,0.75,14,-0.7976077527988943
SE,T2M_MIN,0.75,35,-1.1597744495818607
SE,T2M_MIN,0.75,65,-1.1025529255953357
SE,T2M_MIN,0.75,90,-0.7562095060610742
SE,T2M,0.25,0,-0.5971037791774252
SE,T2M,0.25,14,-0.5753989237227276
SE,T2M,0.25,35,-0.9262528356908101
SE,T2M,0.25,65,-1.1788092610747816
SE,T2M,0.25,90,-1.2352091213757415
SE,T2M,0.5,0,-0.6950122686130548
SE,T2M,0.5,14,-0.7139994561558097
SE,T2M,0.5,35,-1.0978126549513538
SE,T2M,0.5,65,-1.17031058035388
SE,T2M,0.5,90,-1.0434374314199446
SE,T2M,0.75,0,-0.6277703041197787
SE,T2M,0.75,14,-0.7606062811485937
SE,T2M,0.75,35,-0.9491907709331592
SE,T2M,0.75,65,-1.1770798030526046
SE,T2M,0.75,90,-0.8982090307707523
SE,T2MDEW,0.25,0,-0.04168360317408533
SE,T2MDEW,0.25,14,-0.6559827036542473
SE,T2MDEW,0.25,35,-1.0629680842298843
SE,T2MDEW,0.25,65,-0.9443322204179789
SE,T2MDEW,0.25,90,-0.3794013658473758
SE,T2MDEW,0.5,0,-0.18823827221697353
SE,T2MDEW,0.5,14,-0.17109119536069803
SE,T2MDEW,0.5,35,-1.1853980629441092
SE,T2MDEW,0.5,65,-0.9694934058493341
SE,T2MDEW,0.5,90,-0.4884217216781842
SE,T2MDEW,0.75,0,-0.055973225368261346
SE,T2MDEW,0.75,14,-0.2973574535908619
SE,T2MDEW,0.75,35,-0.8046055082427035
SE,T2MDEW,0.75,65,-1.0472093633114938
SE,T2MDEW,0.75,90,-0.3704977625571262
SE,VPD,0.25,0,-0.6434686034024418
SE,VPD,0.25,14,-0.36037941845082755
SE,VPD,0.25,35,-0.03407289925277848
SE,VPD,0.25,65,-0.766136480374436
SE,VPD,0.25,90,-1.1254611725386354
SE,VPD,0.5,0,-0.8927220313127651
SE,VPD,0.5,14,-0.5524177780607546
SE,VPD,0.5,35,-0.3093792692887372
SE,VPD,0.5,65,-0.6130923542510537
SE,VPD,0.5,90,-1.1997548643023208
SE,VPD,0.75,0,-0.5689692323229744
SE,VPD,0.75,14,-0.5753820432472926
SE,VPD,0.75,35,-0.34053790048201454
SE,VPD,0.75,65,-0.29539109248816176
SE,VPD,0.75,90,-1.2402202788137853
SE,WS2M,0.25,0,1.3818102094170546
SE,WS2M,0.25,14,0.45053887166379547
SE,WS2M,0.25,35,0.7567652122935281
SE,WS2M,0.25,65,0.8892317551173433
SE,WS2M,0.25,90,0.676042538254683
SE,WS2M,0.5,0,1.172690490891254
SE,WS2M,0.5,14,0.9041705910267067
SE,WS2M,0.5,35,1.0548375373234886
SE,WS2M,0.5,65,0.8396806877661337
SE,WS2M,0.5,90,0.6541136658047175
SE,WS2M,0.75,0,1.1129874094011465
SE,WS2M,0.75,14,0.9404635588262079
SE,WS2M,0.75,35,0.9052546310819732
SE,WS2M,0.75,65,0.8420028558727771
SE,WS2M,0.75,90,0.6666435091798432
SE,SOIL,NA,NA,0.9555337100414402
SE,ALT,NA,NA,-0.8008116256697334
SO,ETP,0.25,0,0.23943006957179555
SO,ETP,0.25,14,-0.4708331688283021
SO,ETP,0.25,35,1.0744724070170273
SO,ETP,0.25,65,0.5545823718025744
SO,ETP,0.25,90,0.32179544130180765
SO,ETP,0.5,0,0.8848396435609377
SO,ETP,0.5,14,1.0946465259634144
SO,ETP,0.5,35,1.1018839429196097
SO,ETP,0.5,65,0.4115185622188823
SO,ETP,0.5,90,-0.05022307601290211
SO,ETP,0.75,0,0.9245819294046759
SO,ETP,0.75,14,1.2873250265755312
SO,ETP,0.75,35,0.40626445389564714
SO,ETP,0.75,65,-0.44830023556355597
SO,ETP,0.75,90,-0.37670539491424543
SO,fRUE,0.25,0,0.8797752491071589
SO,fRUE,0.25,14,1.4238685231104808
SO,fRUE,0.25,35,1.4375303933878179
SO,fRUE,0.25,65,1.264641526707943
SO,fRUE,0.25,90,1.206881908519725
SO,fRUE,0.5,0,1.3691219126061702
SO,fRUE,0.5,14,1.3414957677688104
SO,fRUE,0.5,35,1.2954390314872286
SO,fRUE,0.5,65,1.2475928673120378
SO,fRUE,0.5,90,1.2286572275410454
SO,fRUE,0.75,0,1.4371123110761987
SO,fRUE,0.75,14,1.3261645323051408
SO,fRUE,0.75,35,1.1802430696523434
SO,fRUE,0.75,65,1.2033355173964444
SO,fRUE,0.75,90,1.1749726234182394
SO,n,0.25,0,0.12025437410173344
SO,n,0.25,14,-1.2949160002875735
SO,n,0.25,35,0.6549384664785334
SO,n,0.25,65,-0.024943195888210277
SO,n,0.25,90,-0.5178892657011509
SO,N,0.25,0,-0.01907157570379512
SO,N,0.25,14,0.8935612070508255
SO,N,0.25,35,1.182476368826024
SO,N,0.25,65,1.163404733240371
SO,N,0.25,90,1.09784558858024
SO,n,0.5,0,0.8044654259522315
SO,n,0.5,14,0.1539939300821865
SO,n,0.5,35,0.5155350998361466
SO,n,0.5,65,-0.49664790994238395
SO,n,0.5,90,-0.8398156806037137
SO,N,0.5,0,-0.1590453705081743
SO,N,0.5,14,0.7059143233948302
SO,N,0.5,35,1.168424737058931
SO,N,0.5,65,1.1723068321482868
SO,N,0.5,90,1.118623645700288
SO,n,0.75,0,0.7368915444460812
SO,n,0.75,14,0.7303091452993096
SO,n,0.75,35,-0.8998380205850478
SO,n,0.75,65,-1.3986539587291076
SO,n,0.75,90,-0.6965799594566142
SO,N,0.75,0,-0.2821783599848449
SO,N,0.75,14,0.46067300442366654
SO,N,0.75,35,1.129074348163306
SO,N,0.75,65,1.179294369090765
SO,N,0.75,90,1.135991663757858
SO,PETP,0.25,0,-1.001605838402306
SO,PETP,0.25,14,-1.7363213650886362
SO,PETP,0.25,35,-1.1780742178639083
SO,PETP,0.25,65,0.8487933416679496
SO,PETP,0.25,90,-0.022771737730695983
SO,PETP,0.5,0,-1.6647318816443488
SO,PETP,0.5,14,-1.6472972977510096
SO,PETP,0.5,35,-1.0714814807615411
SO,PETP,0.5,65,0.15619697793084328
SO,PETP,0.5,90,-0.004570361761187442
SO,PETP,0.75,0,-1.3589936870530306
SO,PETP,0.75,14,-1.5339524787919514
SO,PETP,0.75,35,-0.7317699971067034
SO,PETP,0.75,65,-0.38764305745991007
SO,PETP,0.75,90,-0.4315314558402821
SO,PRECTOT,0.25,0,-0.9923488861571494
SO,PRECTOT,0.25,14,-1.5077632542615378
SO,PRECTOT,0.25,35,-0.19410265892854175
SO,PRECTOT,0.25,65,1.7620908496622696
SO,PRECTOT,0.25,90,-0.447213595499958
SO,PRECTOT,0.5,0,-1.1892524710833372
SO,PRECTOT,0.5,14,-1.5573472129106942
SO,PRECTOT,0.5,35,-0.39559650400932284
SO,PRECTOT,0.5,65,1.685880736597997
SO,PRECTOT,0.5,90,-0.09225312080288858
SO,PRECTOT,0.75,0,-0.4666490189373859
SO,PRECTOT,0.75,14,-1.6377817136384503
SO,PRECTOT,0.75,35,0.7254480169138814
SO,PRECTOT,0.75,65,0.751884855293141
SO,PRECTOT,0.75,90,-0.30867290500390265
SO,Ra,0.25,0,1.0517104765168908
SO,Ra,0.25,14,1.1635728023133591
SO,Ra,0.25,35,1.1871024098330678
SO,Ra,0.25,65,1.1764519460034337
SO,Ra,0.25,90,1.114969890305236
SO,Ra,0.5,0,0.9962733838167475
SO,Ra,0.5,14,1.1508935508703348
SO,Ra,0.5,35,1.1851417112700913
SO,Ra,0.5,65,1.1816299032535507
SO,Ra,0.5,90,1.138063594457552
SO,Ra,0.75,0,0.9090636279063955
SO,Ra,0.75,14,1.1310426678656618
SO,Ra,0.75,35,1.180874719578893
SO,Ra,0.75,65,1.1850297434877397
SO,Ra,0.75,90,1.1551514687524642
SO,RH2M,0.25,0,-1.0990487544433936
SO,RH2M,0.25,14,-1.7508650898330034
SO,RH2M,0.25,35,-1.1215079328566453
SO,RH2M,0.25,65,-0.5618019891983813
SO,RH2M,0.25,90,-1.1164698894271836
SO,RH2M,0.5,0,-0.5864413813022304
SO,RH2M,0.5,14,-1.7493418999375525
SO,RH2M,0.5,35,-1.1200138738526701
SO,RH2M,0.5,65,-0.5758311726841342
SO,RH2M,0.5,90,-0.9905702455085665
SO,RH2M,0.75,0,0.21530604847871965
SO,RH2M,0.75,14,-1.7652833792497171
SO,RH2M,0.75,35,-1.095233657692712
SO,RH2M,0.75,65,-0.7640358828641208
SO,RH2M,0.75,90,-1.0172751294149367
SO,SPV,0.25,0,0.8928051388958502
SO,SPV,0.25,14,1.5042271940366867
SO,SPV,0.25,35,1.536605700883368
SO,SPV,0.25,65,1.3271693132445317
SO,SPV,0.25,90,1.3386179660275968
SO,SPV,0.5,0,1.3451779664925272
SO,SPV,0.5,14,1.5635387605661573
SO,SPV,0.5,35,1.4919879603201016
SO,SPV,0.5,65,1.344530246342655
SO,SPV,0.5,90,1.4075639681231857
SO,SPV,0.75,0,1.3597450742569628
SO,SPV,0.75,14,1.6318984379718806
SO,SPV,0.75,35,1.5824781360467681
SO,SPV,0.75,65,1.363475818232111
SO,SPV,0.75,90,1.4719880662997402
SO,Srad,0.25,0,0.22254695300862298
SO,Srad,0.25,14,-0.8407828021674064
SO,Srad,0.25,35,1.0224175197814547
SO,Srad,0.25,65,0.469997623785486
SO,Srad,0.25,90,0.04502787759818301
SO,Srad,0.5,0,0.866734730365395
SO,Srad,0.5,14,0.8574323161040796
SO,Srad,0.5,35,1.010004967709801
SO,Srad,0.5,65,0.4085854430712473
SO,Srad,0.5,90,-0.22620165241562287
SO,Srad,0.75,0,0.8768630900963517
SO,Srad,0.75,14,1.2614439646343427
SO,Srad,0.75,35,0.26679327882989184
SO,Srad,0.75,65,-0.6728827844220643
SO,Srad,0.75,90,-0.49660017530152084
SO,T2M_MAX,0.25,0,1.2744690172054463
SO,T2M_MAX,0.25,14,1.4729493771255813
SO,T2M_MAX,0.25,35,1.6506420906828065
SO,T2M_MAX,0.25,65,1.4176986698351233
SO,T2M_MAX,0.25,90,1.3017315256503785
SO,T2M_MAX,0.5,0,1.64413145985698
SO,T2M_MAX,0.5,14,1.696144679850157
SO,T2M_MAX,0.5,35,1.705374449471799
SO,T2M_MAX,0.5,65,1.5349609504874253
SO,T2M_MAX,0.5,90,1.4959060204192782
SO,T2M_MAX,0.75,0,1.5894649712090196
SO,T2M_MAX,0.75,14,1.6989627266163432
SO,T2M_MAX,0.75,35,1.7431907447237978
SO,T2M_MAX,0.75,65,1.603602935745931
SO,T2M_MAX,0.75,90,1.4633897761962
SO,T2M_MIN,0.25,0,0.8843711758832068
SO,T2M_MIN,0.25,14,1.3308075833811055
SO,T2M_MIN,0.25,35,1.1585582295410104
SO,T2M_MIN,0.25,65,1.1133460232889612
SO,T2M_MIN,0.25,90,1.2470985587453907
SO,T2M_MIN,0.5,0,0.8783396607000262
SO,T2M_MIN,0.5,14,1.388918441607731
SO,T2M_MIN,0.5,35,1.1041730105005128
SO,T2M_MIN,0.5,65,1.1954362806744185
SO,T2M_MIN,0.5,90,1.267349927392889
SO,T2M_MIN,0.75,0,0.6285555267100023
SO,T2M_MIN,0.75,14,1.2309899999844205
SO,T2M_MIN,0.75,35,1.3130134870902601
SO,T2M_MIN,0.75,65,1.1320198189297328
SO,T2M_MIN,0.75,90,1.2917869725329671
SO,T2M,0.25,0,0.8797752491071585
SO,T2M,0.25,14,1.4238685231104817
SO,T2M,0.25,35,1.4375303933878176
SO,T2M,0.25,65,1.2646415267079427
SO,T2M,0.25,90,1.284424595611288
SO,T2M,0.5,0,1.3691219126061702
SO,T2M,0.5,14,1.4498298309350854
SO,T2M,0.5,35,1.3692877432402948
SO,T2M,0.5,65,1.2603344711503328
SO,T2M,0.5,90,1.3952980562963786
SO,T2M,0.75,0,1.4441198300304758
SO,T2M,0.75,14,1.5871134675230585
SO,T2M,0.75,35,1.4992793548094778
SO,T2M,0.75,65,1.2738892385517089
SO,T2M,0.75,90,1.4293481170779148
SO,T2MDEW,0.25,0,0.5456762597334751
SO,T2MDEW,0.25,14,0.3145122551766965
SO,T2MDEW,0.25,35,0.7158532387372549
SO,T2MDEW,0.25,65,0.9395477633164323
SO,T2MDEW,0.25,90,0.7246026085740876
SO,T2MDEW,0.5,0,0.46258554129916096
SO,T2MDEW,0.5,14,0
SO,T2MDEW,0.5,35,0.5509289016631077
SO,T2MDEW,0.5,65,0.9834887174823305
SO,T2MDEW,0.5,90,0.7811283563009266
SO,T2MDEW,0.75,0,0.46070270110800166
SO,T2MDEW,0.75,14,-0.27549293494447535
SO,T2MDEW,0.75,35,0.42136448062585735
SO,T2MDEW,0.75,65,0.873232088895527
SO,T2MDEW,0.75,90,0.8118599620274661
SO,VPD,0.25,0,0.1540299515343116
SO,VPD,0.25,14,1.7647561923079347
SO,VPD,0.25,35,1.4118974881691886
SO,VPD,0.25,65,1.4454742018099767
SO,VPD,0.25,90,1.480450422578189
SO,VPD,0.5,0,1.5294834714079404
SO,VPD,0.5,14,1.7842274460267025
SO,VPD,0.5,35,1.6086276852785515
SO,VPD,0.5,65,1.4000774865207197
SO,VPD,0.5,90,1.5540672656184906
SO,VPD,0.75,0,1.5241816823823666
SO,VPD,0.75,14,1.7796871598397994
SO,VPD,0.75,35,1.667008395170392
SO,VPD,0.75,65,1.5207531766653073
SO,VPD,0.75,90,1.553057630637245
SO,WS2M,0.25,0,-1.1979642158894637
SO,WS2M,0.25,14,-1.3626053679587957
SO,WS2M,0.25,35,-1.344338688181213
SO,WS2M,0.25,65,-1.2593310051522153
SO,WS2M,0.25,90,-1.3137783639534866
SO,WS2M,0.5,0,-1.2747773863036622
SO,WS2M,0.5,14,-1.3125056966516708
SO,WS2M,0.5,35,-1.2505253142602477
SO,WS2M,0.5,65,-1.2341069672494993
SO,WS2M,0.5,90,-1.2646197538891204
SO,WS2M,0.75,0,-1.228486102829567
SO,WS2M,0.75,14,-1.2704113945003188
SO,WS2M,0.75,35,-1.222887834970385
SO,WS2M,0.75,65,-1.2242618211156329
SO,WS2M,0.75,90,-1.2327923503091835
SO,SOIL,NA,NA,-0.1678973960796328
SO,ALT,NA,NA,-0.6551035423964923
