Environment,SoilpH,WDRFpH,SSalts,PercentOrganic,ppmNitrateN,NitrogenPerAcre,ppmK,ppmSulfateS,ppmCa,ppmMg,ppmNa,CationExchangeCapacity,PercentH,PercentK,PercentCa,PercentMg,PercentNa,ppmP,PercentSand,PercentSilt,PercentClay
DEH1_2019,6.6,7.2,0.13,2.4,28.6,69,125,15,487,75,8,3.4,0,9,71,18,1,136,81,9,10
DEH1_2018,6.3,6.9,0.175,2,23.85,69,122.5,15.45,404,66,12,4.95,31,7,48,12.5,1,111.5,79.5,9.5,11
DEH1_2017,6,6.6,0.22,1.6,19.1,69,120,15.9,321,57,16,6.5,62,5,25,7,1,87,78,10,12
DEH1_2016,5.7,6.4,0.37,2.3,34.4,124,174,19,495,110,9,9.4,59,5,26,10,0,157,75,13,12
DEH1_2015,5.7,6.4,0.37,2.3,34.4,124,174,19,495,110,9,9.4,59,5,26,10,0,157,75,13,12
DEH1_2014,5.7,6.4,0.37,2.3,34.4,124,174,19,495,110,9,9.4,59,5,26,10,0,157,75,13,12
GAH1_2019,6.15,7,0.155,1.05,12.2,44,77.5,7.15,407,43.5,7.5,3.65,21.5,6.5,60.5,10,1.5,79.5,76,11.5,12.5
GAH2_2019,6.15,7,0.155,1.05,12.2,44,77.5,7.15,407,43.5,7.5,3.65,21.5,6.5,60.5,10,1.5,79.5,76,11.5,12.5
GAH1_2018,6.699999999999999,7.050000000000001,0.175,2,13.8,50,100.5,9.25,993.5,147.5,16,6.9,6,4,71,18,1,11,46.5,28,25.5
GAH2_2018,6.699999999999999,7.050000000000001,0.175,2,13.8,50,100.5,9.25,993.5,147.5,16,6.9,6,4,71,18,1,11,46.5,28,25.5
GAH1_2017,6.6,7.2,0.06,1,1.4,5,95,10.6,516,66,7,3.4,0,7,76,16,1,123,79,11,10
GAH2_2017,6.6,7.2,0.06,1,1.4,5,95,10.6,516,66,7,3.4,0,7,76,16,1,123,79,11,10
GAH1_2016,6.199999999999999,6.9,0.29500000000000004,1.85,38.650000000000006,139.5,117,11.5,690,89.5,7,6.6,22,7,59.5,11,0.5,69,68.5,18,13.5
GAH2_2016,6.199999999999999,6.9,0.29500000000000004,1.85,38.650000000000006,139.5,117,11.5,690,89.5,7,6.6,22,7,59.5,11,0.5,69,68.5,18,13.5
GAH1_2015,6.3,6.9,0.29500000000000004,3.3499999999999996,38.650000000000006,139.5,115.5,11.5,690,89.5,7,6.6,22,7,59.5,11,0.5,23,68.5,18,13.5
GAI1_2015,6.3,6.9,0.29500000000000004,3.3499999999999996,38.650000000000006,139.5,115.5,11.5,690,89.5,7,6.6,22,7,59.5,11,0.5,23,68.5,18,13.5
IAI1_2015,6.3,6.9,0.29500000000000004,3.3499999999999996,38.650000000000006,139.5,115.5,11.5,690,89.5,7,6.6,22,7,59.5,11,0.5,23,68.5,18,13.5
GAH1_2014,7.1,6.9,0.29500000000000004,3.3499999999999996,38.650000000000006,139.5,115.5,11.5,690,89.5,7,6.6,22,7,59.5,11,0.5,23,68.5,18,13.5
GAI2_2014,7.1,6.9,0.29500000000000004,3.3499999999999996,38.650000000000006,139.5,115.5,11.5,690,89.5,7,6.6,22,7,59.5,11,0.5,23,68.5,18,13.5
GXE_inb_IA2_2014,7.1,6.9,0.29500000000000004,3.3499999999999996,38.650000000000006,139.5,115.5,11.5,690,89.5,7,6.6,22,7,59.5,11,0.5,23,68.5,18,13.5
ILH1_2019,5.95,6.55,0.21,3.45,29.35,105.5,150,4.9,2134.5,400.5,12,18.85,23.5,2,56.5,17.5,0,25.5,14,51.5,34.5
ILH1_2018,5.95,6.55,0.21,3.45,29.35,105.5,150,4.9,2134.5,400.5,12,18.85,23.5,2,56.5,17.5,0,25.5,14,51.5,34.5
ILH1_2017,5.95,6.55,0.21,3.45,29.35,105.5,150,4.9,2134.5,400.5,12,18.85,23.5,2,56.5,17.5,0,25.5,14,51.5,34.5
ILH2_2017,5.95,6.55,0.21,3.45,29.35,105.5,150,4.9,2134.5,400.5,12,18.85,23.5,2,56.5,17.5,0,25.5,14,51.5,34.5
ILH1_2016,6.2,6.65,0.28500000000000003,4,17.2,61.5,116,12.5,2419,533,10,20.55,18.5,1.5,58.5,21,0,16,20,51,29
ILH2_2016,6.2,6.65,0.28500000000000003,4,17.2,61.5,116,12.5,2419,533,10,20.55,18.5,1.5,58.5,21,0,16,20,51,29
ILH1_2015,6.2,6.65,0.28500000000000003,4,17.2,61.5,116,12.5,2419,533,10,20.55,18.5,1.5,58.5,21,0,16,20,51,29
ILI1_2015,6.2,6.65,0.28500000000000003,4,17.2,61.5,116,12.5,2419,533,10,20.55,18.5,1.5,58.5,21,0,16,20,51,29
ILH2_2015,6.2,6.65,0.28500000000000003,4,17.2,61.5,116,12.5,2419,533,10,20.55,18.5,1.5,58.5,21,0,16,20,51,29
ILH1  ILI1  ILH2_2015,6.2,6.65,0.28500000000000003,4,17.2,61.5,116,12.5,2419,533,10,20.55,18.5,1.5,58.5,21,0,16,20,51,29
ILH1 ILI1_2014,6.2,6.65,0.28500000000000003,4,17.2,61.5,116,12.5,2419,533,10,20.55,18.5,1.5,58.5,21,0,16,20,51,29
ILH1_2014,6.2,6.65,0.28500000000000003,4,17.2,61.5,116,12.5,2419,533,10,20.55,18.5,1.5,58.5,21,0,16,20,51,29
G2FIL1_2014,6.2,6.65,0.28500000000000003,4,17.2,61.5,116,12.5,2419,533,10,20.55,18.5,1.5,58.5,21,0,16,20,51,29
INH1_2019,6.6,7.2,0.11,3.1,20.2,48,171,5.8,1895,561,9,14.6,0,3,65,32,0,14,27,50,23
INH1_2018,6.9,7.2,0.18,2.9,11.7,42,146,10.2,3029,767,11,22,0,2,69,29,0,27,16,44,40
INH1_2017,6.45,7,0.145,2.8499999999999996,13.8,49.5,134.5,11.1,2642.5,716,14.5,20.75,6,2,63.5,28.5,0,16.5,18,47,35
INH1_2016,6,6.8,0.11,2.8,15.9,57,123,12,2256,665,18,19.5,12,2,58,28,0,6,20,50,30
INH1_2015,5.8999999999999995,6.8,0.11,2.914285714285714,15.9,57,110.28571428571428,12,2256,665,18,19.5,12,2,58,28,0,21.285714285714285,20,50,30
INI1_2015,5.8999999999999995,6.8,0.11,2.914285714285714,15.9,57,110.28571428571428,12,2256,665,18,19.5,12,2,58,28,0,21.285714285714285,20,50,30
INH1  INI1_2015,5.8999999999999995,6.8,0.11,2.914285714285714,15.9,57,110.28571428571428,12,2256,665,18,19.5,12,2,58,28,0,21.285714285714285,20,50,30
INH1 INI1_2014,5.8999999999999995,6.8,0.11,2.914285714285714,15.9,57,110.28571428571428,12,2256,665,18,19.5,12,2,58,28,0,21.285714285714285,20,50,30
INH1_2014,5.8999999999999995,6.8,0.11,2.914285714285714,15.9,57,110.28571428571428,12,2256,665,18,19.5,12,2,58,28,0,21.285714285714285,20,50,30
G2FIN1_2014,5.8999999999999995,6.8,0.11,2.914285714285714,15.9,57,110.28571428571428,12,2256,665,18,19.5,12,2,58,28,0,21.285714285714285,20,50,30
MIH1_2019,6.9,7.2,0.1,2.5,5.8,21,128,6.1,1938,243,10,12.1,0,3,80,17,0,49,54,20,26
MIH1_2018,6.1,6.7,0.12,2.9,18.4,66,147,9.3,1682,308,17,14.2,20,3,58,18,1,21,52,26,22
MIH1_2017,6.699999999999999,7.2,0.33999999999999997,2.7,48.900000000000006,176.5,117.5,21.25,1139.5,182.5,22.5,7.6,0,4,75,20,1,22,61.5,19.5,19
MIH1_2016,5.7,6.7,0.19,3,38.7,139,181,17,1452,232,29,12.9,24,4,56,15,1,31,54,29,17
MNH1_2019,6.3,6.6,0.21,5.2,24,87,262,9.1,3036,539,14,24.6,17,3,62,18,0,69,40,26,34
MNH1_2018,6.5,6.8,0.41,4.8,26.3,95,161,7.8,3652,520,14,24.9,7,2,73,17,0,28,39,26,35
MNH1_2017,7.4,7.2,0.28,7.1,11.9,43,130,3,4997,460,12,29.2,0,1,86,13,0,20,32,27,41
MNH1_2016,6.2,6.7,0.33,4.4,20.2,73,188,15,3448,723,19,26.7,11,2,64,23,0,21,42,30,28
MNH1_2015,6.525,6.7,0.33,3.925,20.2,73,172,15,3448,723,19,26.7,11,2,64,23,0,93.5,42,30,28
MNI1_2015,6.525,6.7,0.33,3.925,20.2,73,172,15,3448,723,19,26.7,11,2,64,23,0,93.5,42,30,28
MN(?)1_2015,6.525,6.7,0.33,3.925,20.2,73,172,15,3448,723,19,26.7,11,2,64,23,0,93.5,42,30,28
MNH1_2014,6.525,6.7,0.33,3.925,20.2,73,172,15,3448,723,19,26.7,11,2,64,23,0,93.5,42,30,28
MNI2_2014,6.525,6.7,0.33,3.925,20.2,73,172,15,3448,723,19,26.7,11,2,64,23,0,93.5,42,30,28
G2FMN2_2014,6.525,6.7,0.33,3.925,20.2,73,172,15,3448,723,19,26.7,11,2,64,23,0,93.5,42,30,28
MOH1_2019,6.949999999999999,7.2,0.21,2.75,22.1,79.5,98,7,1981,285.5,23,12.65,0,2,78.5,18.5,1,17,28,43,29
MOH1-rep1_2018,6.949999999999999,7.2,0.21,2.75,22.1,79.5,98,7,1981,285.5,23,12.65,0,2,78.5,18.5,1,17,28,43,29
MOH1_2018,6.949999999999999,7.2,0.21,2.75,22.1,79.5,98,7,1981,285.5,23,12.65,0,2,78.5,18.5,1,17,28,43,29
MOH1-rep2_2018,6.949999999999999,7.2,0.21,2.75,22.1,79.5,98,7,1981,285.5,23,12.65,0,2,78.5,18.5,1,17,28,43,29
MOH1_2017,6.4,6.9,0.4,1.9,21.4,77,130,3.6,1987,267,22,13.3,5,3,74,17,1,31,10,63,27
MOH1_2016,6.7,7.2,0.33,2.2,36.6,132,150,9,2438,245,25,14.7,0,3,82,14,1,35,21,56,23
MOH1_2015,6.766666666666667,7.2,0.33,2.075,36.6,132,112.75,9,2438,245,25,14.7,0,3,82,14,1,30.166666666666668,21,56,23
MOH2_2015,6.766666666666667,7.2,0.33,2.075,36.6,132,112.75,9,2438,245,25,14.7,0,3,82,14,1,30.166666666666668,21,56,23
MOI1_2015,6.766666666666667,7.2,0.33,2.075,36.6,132,112.75,9,2438,245,25,14.7,0,3,82,14,1,30.166666666666668,21,56,23
MOI2_2015,6.766666666666667,7.2,0.33,2.075,36.6,132,112.75,9,2438,245,25,14.7,0,3,82,14,1,30.166666666666668,21,56,23
MOH1  MOI1  MOH2  MOI2_2015,6.766666666666667,7.2,0.33,2.075,36.6,132,112.75,9,2438,245,25,14.7,0,3,82,14,1,30.166666666666668,21,56,23
MOH1 MOI1_2014,6.766666666666667,7.2,0.33,2.075,36.6,132,112.75,9,2438,245,25,14.7,0,3,82,14,1,30.166666666666668,21,56,23
MOH2 MOI2 MOI3_2014,6.766666666666667,7.2,0.33,2.075,36.6,132,112.75,9,2438,245,25,14.7,0,3,82,14,1,30.166666666666668,21,56,23
MOH1_2014,6.766666666666667,7.2,0.33,2.075,36.6,132,112.75,9,2438,245,25,14.7,0,3,82,14,1,30.166666666666668,21,56,23
MOH2_2014,6.766666666666667,7.2,0.33,2.075,36.6,132,112.75,9,2438,245,25,14.7,0,3,82,14,1,30.166666666666668,21,56,23
GXE_inb_MO1_2014,6.766666666666667,7.2,0.33,2.075,36.6,132,112.75,9,2438,245,25,14.7,0,3,82,14,1,30.166666666666668,21,56,23
GXE_inb_BO2_2014,6.766666666666667,7.2,0.33,2.075,36.6,132,112.75,9,2438,245,25,14.7,0,3,82,14,1,30.166666666666668,21,56,23
GXE_inb_MO3_2014,6.766666666666667,7.2,0.33,2.075,36.6,132,112.75,9,2438,245,25,14.7,0,3,82,14,1,30.166666666666668,21,56,23
NCH1_2019,5.6,6.8,0.12,1.3,16.9,61,141,7.6,218,66,6,3.8,47,9,28,14,1,56,72,9,19
NCH1_2018,5.6,6.8,0.12,1.3,16.9,61,141,7.6,218,66,6,3.8,47,9,28,14,1,56,72,9,19
NCH1_2017,5.4,6,0.16,3.4,17.2,62,189,14.9,641,127,16,15.1,68,3,21,7,0,66,63,15,22
NCH1_2016,5.5,6.6,0.38,2.3,46,166,209,23,618,112,47,9,47,6,34,10,2,138,70,22,8
NCH1_2015,5.5,6.6,0.38,2.3,46,166,209,23,618,112,47,9,47,6,34,10,2,138,70,22,8
NCH1_2014,5.5,6.6,0.38,2.3,46,166,209,23,618,112,47,9,47,6,34,10,2,138,70,22,8
NYH1_2019,7.7,7.2,0.2,2.4,13.3,48,65,12.4,1546,204,9,9.6,0,2,80,18,0,34,50,24,26
NYH1_2018,7.85,7.2,0.165,2.8,9.5,34,61,10.3,1884.5,221,8.5,11.45,0,1.5,82,16.5,0,26.5,45,28.5,26.5
NYH1_2017,8,7.2,0.13,3.2,5.7,20,57,8.2,2223,238,8,13.3,0,1,84,15,0,19,40,33,27
NYH1_2016,8.05,7.2,0.13,2.85,5.7,20,47.5,8.2,2223,238,8,13.3,0,1,84,15,0,15.5,40,33,27
NYH1_2015,8.1,7.2,0.13,2.5,5.7,20,38,8.2,2223,238,8,13.3,0,1,84,15,0,12,40,33,27
NYI1_2015,8.1,7.2,0.13,2.5,5.7,20,38,8.2,2223,238,8,13.3,0,1,84,15,0,12,40,33,27
NYH1  NYI1_2015,8.1,7.2,0.13,2.5,5.7,20,38,8.2,2223,238,8,13.3,0,1,84,15,0,12,40,33,27
NY?_2015,8.1,7.2,0.13,2.5,5.7,20,38,8.2,2223,238,8,13.3,0,1,84,15,0,12,40,33,27
NYH1 NYI1_2014,7.42,7.2,0.13,2.5,5.7,20,38,8.2,2223,238,8,13.3,0,1,84,15,0,12,40,33,27
NYH1_2014,7.42,7.2,0.13,2.5,5.7,20,38,8.2,2223,238,8,13.3,0,1,84,15,0,12,40,33,27
G2FNY1_2014,7.42,7.2,0.13,2.5,5.7,20,38,8.2,2223,238,8,13.3,0,1,84,15,0,12,40,33,27
NYH2_2019,7.75,7.2,0.28500000000000003,3.6,23.55,85,65,7.949999999999999,2327.5,266,9,14.05,0,1,82.5,15.5,0,9,48,25,27
NYH3_2019,7.75,7.2,0.28500000000000003,3.6,23.55,85,65,7.949999999999999,2327.5,266,9,14.05,0,1,82.5,15.5,0,9,48,25,27
NYH2_2018,7.4,7.2,0.185,3.4000000000000004,19.9,72,58,4.25,1532.5,293.5,15.5,10.3,0,1.5,74,23.5,1,22,47,25,28
NYH3_2018,7.4,7.2,0.185,3.4000000000000004,19.9,72,58,4.25,1532.5,293.5,15.5,10.3,0,1.5,74,23.5,1,22,47,25,28
NYH2_2017,7.866666666666667,7.2,0.23666666666666664,3.0666666666666664,15.666666666666666,56.333333333333336,53.666666666666664,6.966666666666666,2381,247,12.666666666666666,14.166666666666666,0,1,84,14.666666666666666,0,12.333333333333334,36.333333333333336,33.666666666666664,30
NYH3_2017,7.866666666666667,7.2,0.23666666666666664,3.0666666666666664,15.666666666666666,56.333333333333336,53.666666666666664,6.966666666666666,2381,247,12.666666666666666,14.166666666666666,0,1,84,14.666666666666666,0,12.333333333333334,36.333333333333336,33.666666666666664,30
NYH4_2017,7.866666666666667,7.2,0.23666666666666664,3.0666666666666664,15.666666666666666,56.333333333333336,53.666666666666664,6.966666666666666,2381,247,12.666666666666666,14.166666666666666,0,1,84,14.666666666666666,0,12.333333333333334,36.333333333333336,33.666666666666664,30
NYH2_2016,7.533333333333334,7.2,0.36000000000000004,3.4333333333333336,29.766666666666666,107.33333333333331,63,13,2297.3333333333335,287,22,14.133333333333333,0,1.3333333333333333,80.66666666666667,17,1,39.666666666666664,44,34,22
NYH3_2016,7.533333333333334,7.2,0.36000000000000004,3.4333333333333336,29.766666666666666,107.33333333333331,63,13,2297.3333333333335,287,22,14.133333333333333,0,1.3333333333333333,80.66666666666667,17,1,39.666666666666664,44,34,22
NYH4_2016,7.533333333333334,7.2,0.36000000000000004,3.4333333333333336,29.766666666666666,107.33333333333331,63,13,2297.3333333333335,287,22,14.133333333333333,0,1.3333333333333333,80.66666666666667,17,1,39.666666666666664,44,34,22
NYI2_2015,7.699999999999999,7.2,0.36000000000000004,2.4,29.766666666666666,107.33333333333331,46.75,13,2297.3333333333335,287,22,14.133333333333333,0,1.3333333333333333,80.66666666666667,17,1,19,44,34,22
NYH2_2015,7.699999999999999,7.2,0.36000000000000004,2.4,29.766666666666666,107.33333333333331,46.75,13,2297.3333333333335,287,22,14.133333333333333,0,1.3333333333333333,80.66666666666667,17,1,19,44,34,22
NYH3_2015,7.699999999999999,7.2,0.36000000000000004,2.4,29.766666666666666,107.33333333333331,46.75,13,2297.3333333333335,287,22,14.133333333333333,0,1.3333333333333333,80.66666666666667,17,1,19,44,34,22
NYH3  NYI2_2015,7.699999999999999,7.2,0.36000000000000004,2.4,29.766666666666666,107.33333333333331,46.75,13,2297.3333333333335,287,22,14.133333333333333,0,1.3333333333333333,80.66666666666667,17,1,19,44,34,22
NYH2_2014,7.7,7.2,0.36000000000000004,2.4,29.766666666666666,107.33333333333331,46.75,13,2297.3333333333335,287,22,14.133333333333333,0,1.3333333333333333,80.66666666666667,17,1,19,44,34,22
OHH1_2019,6.6,7.2,0.41,5,30.9,56,163,16.6,3007,687,7,21.2,0,2,71,27,0,43,26,32,42
OHH1_2018,6.4,6.85,0.3,4.6,23.549999999999997,57,178,14.35,3129,707,11,24.6,9,2,64.5,24.5,0,48,20.5,35.5,44
OHH1_2017,6.2,6.5,0.19,4.2,16.2,58,193,12.1,3251,727,15,28,18,2,58,22,0,53,15,39,46
OHH1_2016,5.4,6.5,0.23,3.7,13.9,50,165,18,2370,528,7,21.4,22,2,55,21,0,28,23,46,31
OHH1_2015,5.4,6.5,0.23,3.7,13.9,50,165,18,2370,528,7,21.4,22,2,55,21,0,28,23,46,31
ONH2_2019,6.85,7.2,0.41,4.75,71.25,256.5,87.5,17.5,2666,162,23,15,0,1.5,88.5,9,1,56.5,31,40,29
ONH2_2018,6.85,7.2,0.41,4.75,71.25,256.5,87.5,17.5,2666,162,23,15,0,1.5,88.5,9,1,56.5,31,40,29
ONH2_2017,6.85,7.2,0.41,4.75,71.25,256.5,87.5,17.5,2666,162,23,15,0,1.5,88.5,9,1,56.5,31,40,29
ONH2_2016,6.666666666666666,7.2,0.41,4.75,71.25,256.5,87.5,17.5,2666,162,23,15,0,1.5,88.5,9,1,56.5,31,40,29
ONH2_2015,6.483333333333333,7.2,0.41,4.75,71.25,256.5,87.5,17.5,2666,162,23,15,0,1.5,88.5,9,1,56.5,31,40,29
ONH2_2014,6.3,7.2,0.41,4.75,71.25,256.5,87.5,17.5,2666,162,23,15,0,1.5,88.5,9,1,56.5,31,40,29
SCH1_2019,6.7,7.2,0.3,2.8,54.4,196,129,13.6,701,169,9,5.3,0,6,66,27,1,65,64,12,24
SCH1_2018,6.55,7.066666666666666,0.24,3.2666666666666666,37.8,136.16666666666666,111.5,17.233333333333334,622.3333333333334,153.66666666666666,7.166666666666667,5.45,12.666666666666666,5.166666666666667,57.5,24,0.6666666666666667,50.666666666666664,62.333333333333336,13,24.666666666666668
SCH1_2017,6.4,6.933333333333334,0.18,3.7333333333333334,21.200000000000003,76.33333333333333,94,20.866666666666667,543.6666666666666,138.33333333333334,5.333333333333334,5.6,25.333333333333332,4.333333333333333,49,21,0.33333333333333337,36.33333333333333,60.666666666666664,14,25.333333333333332
SCH1_2016,6.25,6.8,0.12,4.2,4.6,16.5,76.5,24.5,465,123,3.5,5.75,38,3.5,40.5,18,0,22,59,15,26
WIH1_2019,7.1,7.2,0.22,4.3,39,140,326,3.8,1860,538,8,14.7,0,6,63,31,0,132,17,47,36
WIH1_2018,7.1,7.2,0.22,4.3,39,140,326,3.8,1860,538,8,14.7,0,6,63,31,0,132,17,47,36
WIH1_2017,7.1,7.2,0.22,4.3,39,140,326,3.8,1860,538,8,14.7,0,6,63,31,0,132,17,47,36
WIH1_2016,7,7.2,0.23,3.1,9.1,33,130,15,1947,620,10,15.3,0,2,64,34,0,49,19,54,27
WIH1_2015,6.833333333333333,7.2,0.23,3.6,9.1,33,152,15,1947,620,10,15.3,0,2,64,34,0,49,19,54,27
WII1_2015,6.833333333333333,7.2,0.23,3.6,9.1,33,152,15,1947,620,10,15.3,0,2,64,34,0,49,19,54,27
WIH1  WII1_2015,6.833333333333333,7.2,0.23,3.6,9.1,33,152,15,1947,620,10,15.3,0,2,64,34,0,49,19,54,27
WIH1 WII1_2014,6.833333333333333,7.2,0.23,3.6,9.1,33,152,15,1947,620,10,15.3,0,2,64,34,0,49,19,54,27
G2FWI1_2014,6.833333333333333,7.2,0.23,3.6,9.1,33,152,15,1947,620,10,15.3,0,2,64,34,0,49,19,54,27
WIH1_2014,6.833333333333333,7.2,0.23,3.6,9.1,33,152,15,1947,620,10,15.3,0,2,64,34,0,49,19,54,27
WIH2_2019,6.9,7.2,0.12,3.2,30.2,109,201,3.5,1734,548,10,13.8,0,4,63,33,0,47,14,55,31
WIH2_2018,6.9,7.2,0.12,3.2,30.2,109,201,3.5,1734,548,10,13.8,0,4,63,33,0,47,14,55,31
WIH2_2017,6.9,7.2,0.12,3.2,30.2,109,201,3.5,1734,548,10,13.8,0,4,63,33,0,47,14,55,31
WIH2_2016,6.8,7.2,0.21,3.1,16.5,60,78,13,1544,542,26,12.6,0,2,61,36,1,4,23,51,26
WIH2_2015,6.466666666666666,7.2,0.21,3.1333333333333333,16.5,60,195.33333333333337,13,1544,542,26,12.6,0,2,61,36,1,84.66666666666667,23,51,26
WII2_2015,6.466666666666666,7.2,0.21,3.1333333333333333,16.5,60,195.33333333333337,13,1544,542,26,12.6,0,2,61,36,1,84.66666666666667,23,51,26
WIH2  WII2_2015,6.466666666666666,7.2,0.21,3.1333333333333333,16.5,60,195.33333333333337,13,1544,542,26,12.6,0,2,61,36,1,84.66666666666667,23,51,26
WII2_2014,6.466666666666666,7.2,0.21,3.1333333333333333,16.5,60,195.33333333333337,13,1544,542,26,12.6,0,2,61,36,1,84.66666666666667,23,51,26
G2FWI-HYB_2014,6.466666666666666,7.2,0.21,3.1333333333333333,16.5,60,195.33333333333337,13,1544,542,26,12.6,0,2,61,36,1,84.66666666666667,23,51,26
G2FWI2_2014,6.466666666666666,7.2,0.21,3.1333333333333333,16.5,60,195.33333333333337,13,1544,542,26,12.6,0,2,61,36,1,84.66666666666667,23,51,26
COH1_2019,8.2,7.2,0.665,2.6500000000000004,47.849999999999994,172.25,404,104.45,5549.75,783.25,137.75,35.925,0,3,77.25,18,1.75,34,32.25,25.25,42.5
COH1_2017,8.2,7.2,0.665,2.6500000000000004,47.849999999999994,172.25,404,104.45,5549.75,783.25,137.75,35.925,0,3,77.25,18,1.75,34,32.25,25.25,42.5
IAH1_2019,6.3,6.6,0.2,5.3,12.3,30,177,9.8,3320,818,11,27.8,14,2,59,25,0,54,18,38,44
IAH1_2018,6.199999999999999,6.55,0.27,5.05,21.75,71,163,37.150000000000006,3545.5,866,19,30.1,15.5,1.5,58.5,24.5,0,38.5,14.5,41.5,44
IAH1_2017,6.1,6.5,0.34,4.8,31.2,112,149,64.5,3771,914,27,32.4,17,1,58,24,0,23,11,45,44
IAH1_2016,6.8,7.2,0.55,4.0375,23.5,85,215,64.5,3788,1082,12,28.6,0,2,66,32,0,110,11,45,44
IAH1_2015,6.15,7.2,0.55,3.275,23.5,85,116.75,64.5,3788,1082,12,28.6,0,2,66,32,0,21,11,45,44
IAI2_2015,6.15,7.2,0.55,3.275,23.5,85,116.75,64.5,3788,1082,12,28.6,0,2,66,32,0,21,11,45,44
IAH1 IAI1_2014,6.15,7.2,0.55,3.275,23.5,85,116.75,64.5,3788,1082,12,28.6,0,2,66,32,0,21,11,45,44
IAI2_2014,6.15,7.2,0.55,3.275,23.5,85,116.75,64.5,3788,1082,12,28.6,0,2,66,32,0,21,11,45,44
IAH1_2014,6.15,7.2,0.55,3.275,23.5,85,116.75,64.5,3788,1082,12,28.6,0,2,66,32,0,21,11,45,44
IAH1a_2014,6.15,7.2,0.55,3.275,23.5,85,116.75,64.5,3788,1082,12,28.6,0,2,66,32,0,21,11,45,44
IAH1b_2014,6.15,7.2,0.55,3.275,23.5,85,116.75,64.5,3788,1082,12,28.6,0,2,66,32,0,21,11,45,44
IAH1c_2014,6.15,7.2,0.55,3.275,23.5,85,116.75,64.5,3788,1082,12,28.6,0,2,66,32,0,21,11,45,44
IAH2_2019,6.2,6.5,0.26,3.9,36,130,99,7.5,2794,391,10,22.2,21,1,63,15,0,26,32,32,36
IAH2_2018,6.2,6.5,0.26,3.9,36,130,99,7.5,2794,391,10,22.2,21,1,63,15,0,26,32,32,36
IAH2_2017,6.2,6.5,0.26,3.9,36,130,99,7.5,2794,391,10,22.2,21,1,63,15,0,26,32,32,36
IAH2_2016,5.9,6.8,0.31,3.5999999999999996,25.8,93,159,7.5,2096,339,7,16.1,15,3,64,18,0,42,32,32,36
IAH2_2015,6.35,6.8,0.31,3.3,25.8,93,101,7.5,2096,339,7,16.1,15,3,64,18,0,30.5,32,32,36
IA(?)2_2015,6.35,6.8,0.31,3.3,25.8,93,101,7.5,2096,339,7,16.1,15,3,64,18,0,30.5,32,32,36
IAH2_2014,6.35,6.8,0.31,3.3,25.8,93,101,7.5,2096,339,7,16.1,15,3,64,18,0,30.5,32,32,36
IAH3_2019,6.5,6.7,0.1,3.7,7.4,27,102,5.2,2786,322,12,19.8,15,1,70,14,0,23,12,48,40
IAH3_2018,6.5,6.7,0.1,3.7,7.4,27,102,5.2,2786,322,12,19.8,15,1,70,14,0,23,12,48,40
IAH3_2017,6.5,6.7,0.1,3.7,7.4,27,102,5.2,2786,322,12,19.8,15,1,70,14,0,23,12,48,40
IAH3_2016,6.9,7.2,0.29,3.74,9.8,35,274,5.2,3189,486,8,20.7,0,3,77,20,0,70,12,48,40
IAH3_2015,6.459999999999999,7.2,0.29,3.78,9.8,35,152,5.2,3189,486,8,20.7,0,3,77,20,0,60.6,12,48,40
IAI3_2015,6.459999999999999,7.2,0.29,3.78,9.8,35,152,5.2,3189,486,8,20.7,0,3,77,20,0,60.6,12,48,40
IAI4_2015,6.459999999999999,7.2,0.29,3.78,9.8,35,152,5.2,3189,486,8,20.7,0,3,77,20,0,60.6,12,48,40
IA(?)3_2015,6.459999999999999,7.2,0.29,3.78,9.8,35,152,5.2,3189,486,8,20.7,0,3,77,20,0,60.6,12,48,40
IAH3_2014,6.459999999999999,7.2,0.29,3.78,9.8,35,152,5.2,3189,486,8,20.7,0,3,77,20,0,60.6,12,48,40
IAI3_2014,6.459999999999999,7.2,0.29,3.78,9.8,35,152,5.2,3189,486,8,20.7,0,3,77,20,0,60.6,12,48,40
GXE_inb_IA1_2014,6.459999999999999,7.2,0.29,3.78,9.8,35,152,5.2,3189,486,8,20.7,0,3,77,20,0,60.6,12,48,40
G2FIA3_2014,6.459999999999999,7.2,0.29,3.78,9.8,35,152,5.2,3189,486,8,20.7,0,3,77,20,0,60.6,12,48,40
IAH4_2019,6.1,6.4,0.27,4.6,30.1,108,106,19.6,3568,569,10,28.5,20,1,62,17,0,11,40,26,34
IAH4_2018,6.1,6.4,0.27,4.6,30.1,108,106,19.6,3568,569,10,28.5,20,1,62,17,0,11,40,26,34
IAH4_2017,6.1,6.4,0.27,4.6,30.1,108,106,19.6,3568,569,10,28.5,20,1,62,17,0,11,40,26,34
IAH4_2016,6.7,7.2,0.41,4.45,39.9,144,209,19.6,3107,225,7,18,0,3,86,10,0,31,40,26,34
IAH4_2015,6.050000000000001,7.2,0.41,4.300000000000001,39.9,144,95.5,19.6,3107,225,7,18,0,3,86,10,0,39.5,40,26,34
IA(H4)_2015,6.050000000000001,7.2,0.41,4.300000000000001,39.9,144,95.5,19.6,3107,225,7,18,0,3,86,10,0,39.5,40,26,34
IAH4_2014,6.050000000000001,7.2,0.41,4.300000000000001,39.9,144,95.5,19.6,3107,225,7,18,0,3,86,10,0,39.5,40,26,34
NEH1_2019,6.65,7.050000000000001,0.16,2.45,35.85,86,643.5,5.95,2395.5,345,12.5,17.049999999999997,3,9.5,70,17,0,32,45.5,25.5,29
NEH2_2019,6.65,7.050000000000001,0.16,2.45,35.85,86,643.5,5.95,2395.5,345,12.5,17.049999999999997,3,9.5,70,17,0,32,45.5,25.5,29
NEH2_2018,6.375,7,0.15750000000000003,2.5,30.125,87,626.5,5.824999999999999,1966.25,305.25,11.25,15.15,7.75,10.75,64.25,16.75,0,40,43.75,27.75,28.5
NEH3_2017,6.1,6.95,0.15500000000000003,2.55,24.4,88,609.5,5.699999999999999,1537,265.5,10,13.25,12.5,12,58.5,16.5,0,48,42,30,28
NEH4_2017,6.1,6.95,0.15500000000000003,2.55,24.4,88,609.5,5.699999999999999,1537,265.5,10,13.25,12.5,12,58.5,16.5,0,48,42,30,28
NEH1_2017,6.1,6.95,0.15500000000000003,2.55,24.4,88,609.5,5.699999999999999,1537,265.5,10,13.25,12.5,12,58.5,16.5,0,48,42,30,28
NEH2_2017,6.1,6.95,0.15500000000000003,2.55,24.4,88,609.5,5.699999999999999,1537,265.5,10,13.25,12.5,12,58.5,16.5,0,48,42,30,28
NEH3-Irrigated_2017,6.1,6.95,0.15500000000000003,2.55,24.4,88,609.5,5.699999999999999,1537,265.5,10,13.25,12.5,12,58.5,16.5,0,48,42,30,28
NEH4-NonIrrigated_2017,6.1,6.95,0.15500000000000003,2.55,24.4,88,609.5,5.699999999999999,1537,265.5,10,13.25,12.5,12,58.5,16.5,0,48,42,30,28
NEH1_2016,6.166666666666666,6.95,0.15500000000000003,2.158333333333333,24.4,88,496.75,5.699999999999999,1537,265.5,10,13.25,12.5,12,58.5,16.5,0,39,42,30,28
NEH4_2016,6.166666666666666,6.95,0.15500000000000003,2.158333333333333,24.4,88,496.75,5.699999999999999,1537,265.5,10,13.25,12.5,12,58.5,16.5,0,39,42,30,28
NEH2_2015,6.233333333333333,6.95,0.15500000000000003,1.7666666666666666,24.4,88,384,5.699999999999999,1537,265.5,10,13.25,12.5,12,58.5,16.5,0,30,42,30,28
NEH3_2015,6.233333333333333,6.95,0.15500000000000003,1.7666666666666666,24.4,88,384,5.699999999999999,1537,265.5,10,13.25,12.5,12,58.5,16.5,0,30,42,30,28
NEH1_2015,6.233333333333333,6.95,0.15500000000000003,1.7666666666666666,24.4,88,384,5.699999999999999,1537,265.5,10,13.25,12.5,12,58.5,16.5,0,30,42,30,28
NEH4_2015,6.233333333333333,6.95,0.15500000000000003,1.7666666666666666,24.4,88,384,5.699999999999999,1537,265.5,10,13.25,12.5,12,58.5,16.5,0,30,42,30,28
NEH1  NEH4_2015,6.233333333333333,6.95,0.15500000000000003,1.7666666666666666,24.4,88,384,5.699999999999999,1537,265.5,10,13.25,12.5,12,58.5,16.5,0,30,42,30,28
NEH1 NEI1_2014,6.233333333333333,6.95,0.15500000000000003,1.7666666666666666,24.4,88,384,5.699999999999999,1537,265.5,10,13.25,12.5,12,58.5,16.5,0,30,42,30,28
NEH2_2014,6.233333333333333,6.95,0.15500000000000003,1.7666666666666666,24.4,88,384,5.699999999999999,1537,265.5,10,13.25,12.5,12,58.5,16.5,0,30,42,30,28
NEH3_2014,6.233333333333333,6.95,0.15500000000000003,1.7666666666666666,24.4,88,384,5.699999999999999,1537,265.5,10,13.25,12.5,12,58.5,16.5,0,30,42,30,28
NEH1_2014,6.233333333333333,6.95,0.15500000000000003,1.7666666666666666,24.4,88,384,5.699999999999999,1537,265.5,10,13.25,12.5,12,58.5,16.5,0,30,42,30,28
G2FNE1_2014,6.233333333333333,6.95,0.15500000000000003,1.7666666666666666,24.4,88,384,5.699999999999999,1537,265.5,10,13.25,12.5,12,58.5,16.5,0,30,42,30,28
TXH1_2019,8.350000000000001,7.2,0.125,0.8500000000000001,18.200000000000003,65.5,131.5,13.2,4872,195.5,23,26.4,0,1,92.5,6,0,8,39,36,25
TXH2_2019,8.350000000000001,7.2,0.125,0.8500000000000001,18.200000000000003,65.5,131.5,13.2,4872,195.5,23,26.4,0,1,92.5,6,0,8,39,36,25
TXH1_2018,8.133333333333335,7.2,0.125,0.8500000000000001,14.300000000000002,65.5,214.83333333333331,11.633333333333333,4685.833333333333,274.6666666666667,24.5,26.4,0,1,92.5,6,0,18.333333333333336,39,36,25
TXH2_2018,8.133333333333335,7.2,0.125,0.8500000000000001,14.300000000000002,65.5,214.83333333333331,11.633333333333333,4685.833333333333,274.6666666666667,24.5,26.4,0,1,92.5,6,0,18.333333333333336,39,36,25
TXH1-Early_2018,8.133333333333335,7.2,0.125,0.8500000000000001,14.300000000000002,65.5,214.83333333333331,11.633333333333333,4685.833333333333,274.6666666666667,24.5,26.4,0,1,92.5,6,0,18.333333333333336,39,36,25
TXH1-Late_2018,8.133333333333335,7.2,0.125,0.8500000000000001,14.300000000000002,65.5,214.83333333333331,11.633333333333333,4685.833333333333,274.6666666666667,24.5,26.4,0,1,92.5,6,0,18.333333333333336,39,36,25
TXH1-Dry_2018,8.133333333333335,7.2,0.125,0.8500000000000001,14.300000000000002,65.5,214.83333333333331,11.633333333333333,4685.833333333333,274.6666666666667,24.5,26.4,0,1,92.5,6,0,18.333333333333336,39,36,25
TXH1_2017,7.916666666666667,7.2,0.125,0.8500000000000001,10.400000000000002,65.5,298.16666666666663,10.066666666666666,4499.666666666667,353.83333333333337,26,26.4,0,1,92.5,6,0,28.666666666666668,39,36,25
TXH2_2017,7.916666666666667,7.2,0.125,0.8500000000000001,10.400000000000002,65.5,298.16666666666663,10.066666666666666,4499.666666666667,353.83333333333337,26,26.4,0,1,92.5,6,0,28.666666666666668,39,36,25
TXH1-Dry_2017,7.916666666666667,7.2,0.125,0.8500000000000001,10.400000000000002,65.5,298.16666666666663,10.066666666666666,4499.666666666667,353.83333333333337,26,26.4,0,1,92.5,6,0,28.666666666666668,39,36,25
TXH1-Early_2017,7.916666666666667,7.2,0.125,0.8500000000000001,10.400000000000002,65.5,298.16666666666663,10.066666666666666,4499.666666666667,353.83333333333337,26,26.4,0,1,92.5,6,0,28.666666666666668,39,36,25
TXH1-Late_2017,7.916666666666667,7.2,0.125,0.8500000000000001,10.400000000000002,65.5,298.16666666666663,10.066666666666666,4499.666666666667,353.83333333333337,26,26.4,0,1,92.5,6,0,28.666666666666668,39,36,25
TXH1_2016,7.7,7.2,0.125,0.8500000000000001,6.5,65.5,381.5,8.5,4313.5,433,27.5,26.4,0,1,92.5,6,0,39,39,36,25
TXH2_2016,7.7,7.2,0.125,0.8500000000000001,6.5,65.5,381.5,8.5,4313.5,433,27.5,26.4,0,1,92.5,6,0,39,39,36,25
TXH1_2015,7.82,7.2,0.125,0.8500000000000001,6.5,65.5,381.5,8.5,4313.5,433,27.5,26.4,0,1,92.5,6,0,39,39,36,25
TXI1_2015,7.82,7.2,0.125,0.8500000000000001,6.5,65.5,381.5,8.5,4313.5,433,27.5,26.4,0,1,92.5,6,0,39,39,36,25
TXI2_2015,7.82,7.2,0.125,0.8500000000000001,6.5,65.5,381.5,8.5,4313.5,433,27.5,26.4,0,1,92.5,6,0,39,39,36,25
TXH2_2015,7.82,7.2,0.125,0.8500000000000001,6.5,65.5,381.5,8.5,4313.5,433,27.5,26.4,0,1,92.5,6,0,39,39,36,25
TXI3_2015,7.82,7.2,0.125,0.8500000000000001,6.5,65.5,381.5,8.5,4313.5,433,27.5,26.4,0,1,92.5,6,0,39,39,36,25
TXH1  TXI1  TXI2_2015,7.82,7.2,0.125,0.8500000000000001,6.5,65.5,381.5,8.5,4313.5,433,27.5,26.4,0,1,92.5,6,0,39,39,36,25
TXH1  TXI1  TXI2_2014,7.94,7.2,0.125,0.8500000000000001,6.5,65.5,381.5,8.5,4313.5,433,27.5,26.4,0,1,92.5,6,0,39,39,36,25
TXH2  TXI3_2014,7.94,7.2,0.125,0.8500000000000001,6.5,65.5,381.5,8.5,4313.5,433,27.5,26.4,0,1,92.5,6,0,39,39,36,25
TXH1_2014,7.94,7.2,0.125,0.8500000000000001,6.5,65.5,381.5,8.5,4313.5,433,27.5,26.4,0,1,92.5,6,0,39,39,36,25
TXH2_2014,7.94,7.2,0.125,0.8500000000000001,6.5,65.5,381.5,8.5,4313.5,433,27.5,26.4,0,1,92.5,6,0,39,39,36,25
G2F_IN_TX1_2014,7.94,7.2,0.125,0.8500000000000001,6.5,65.5,381.5,8.5,4313.5,433,27.5,26.4,0,1,92.5,6,0,39,39,36,25
TXH4_2019,6.713021223470661,7.003952569169962,0.2867588932806325,2.8364867216117213,30.70853096179183,112.18050065876152,191.1135875402793,15.827799227799227,2400.3442728442733,380.7403474903475,23.031620553359684,17.15633848133848,8.706521739130435,3.581338481338481,68.99889317889318,17.733938223938225,0.4679922779922781,54.132572502685285,35.59782608695652,36.65711462450593,27.74505928853755
TXH3_2019,8.3,7.2,0.14,1.1,13.7,49,162,8.2,5338,218,19,29,0,1,92,6,0,12,34,32,34
IAH2_2019,5.9,6.4,0.16,4.7,22.1,53,281,10.7,2847,350,9,23.6,24,3,60,12,0,58,40,28,32
IAH3_2019,6.1,6.7,0.19,4.1,17.5,42,186,10.5,2704,321,10,20.1,17,2,67,13,0,45,17,47,36
IAH4_2019,6.3,6.7,0.21,4.5,21.2,51,177,13.3,2988,289,9,20.8,14,2,72,12,0,42,46,24,30
MOH1_2019,7,7.2,0.28,3,38.2,138,143,3.4,2529,381,26,16.3,0,2,78,19,1,25,19,51,30
W1H1_2019,7.4,7.2,0.13,4.9,14.6,53,322,4.7,2140,518,9,15.9,0,5,67,27,0,130,16,52,32
W1H2_2019,7.1,7.2,0.11,4.5,11.6,42,111,6.7,1906,541,13,14.4,0,2,66,31,0,40,16,50,34
ARH1_2018,7,7.1,0.1615,1.94,22.35,80.6,123,7,1676,389,12.85,14.05,4,2.25,59.66,23.08,0.77,40,40,34.5,25.5
ARH1_2017,7,7.1,0.1615,1.94,22.35,80.6,123,7,1676,389,12.85,14.05,4,2.25,59.66,23.08,0.77,40,40,34.5,25.5
ARH1_2016,7,7.1,0.1615,1.94,22.35,80.6,123,7,1676,389,12.85,14.05,4,2.25,59.66,23.08,0.77,40,40,34.5,25.5
ARH2_2018,6.5,6.959999999999999,0.296,1.7,41.8,150.8,76,11,817,214,7.4,9,17.6,2.3,47.3,20.7,0.8,26,67.6,16.8,15.6
ARH2_2017,6.5,6.959999999999999,0.296,1.7,41.8,150.8,76,11,817,214,7.4,9,17.6,2.3,47.3,20.7,0.8,26,67.6,16.8,15.6
ARH2_2016,6.5,6.959999999999999,0.296,1.7,41.8,150.8,76,11,817,214,7.4,9,17.6,2.3,47.3,20.7,0.8,26,67.6,16.8,15.6
KSH1_2018,4.65,6.050000000000001,1.585,1.7,416.3,1498.5,710,85.1,527.5,171.5,12,15.25,61,12,17.5,9.5,0,1060,55,25.5,19.5
KSH2_2018,4.65,6.050000000000001,1.585,1.7,416.3,1498.5,710,85.1,527.5,171.5,12,15.25,61,12,17.5,9.5,0,1060,55,25.5,19.5
KSH3_2018,4.65,6.050000000000001,1.585,1.7,416.3,1498.5,710,85.1,527.5,171.5,12,15.25,61,12,17.5,9.5,0,1060,55,25.5,19.5
KSH1_2016,7.1,7.2,0.585,1.8,55.25,199,525.5,9.5,2670,285.5,23.5,17.200000000000003,0,8,77.5,13.5,1,18,36.5,41.5,22
KSH2_2016,7.1,7.2,0.585,1.8,55.25,199,525.5,9.5,2670,285.5,23.5,17.200000000000003,0,8,77.5,13.5,1,18,36.5,41.5,22
KSH3_2016,7.1,7.2,0.585,1.8,55.25,199,525.5,9.5,2670,285.5,23.5,17.200000000000003,0,8,77.5,13.5,1,18,36.5,41.5,22
KSH1_2015,6.333333333333333,7.2,0.585,2.1333333333333333,55.25,199,146,9.5,2670,285.5,23.5,17.200000000000003,0,8,77.5,13.5,1,11,36.5,41.5,22
KSI1_2015,6.333333333333333,7.2,0.585,2.1333333333333333,55.25,199,146,9.5,2670,285.5,23.5,17.200000000000003,0,8,77.5,13.5,1,11,36.5,41.5,22
KSH1  KSI1_2015,6.333333333333333,7.2,0.585,2.1333333333333333,55.25,199,146,9.5,2670,285.5,23.5,17.200000000000003,0,8,77.5,13.5,1,11,36.5,41.5,22
ONH1_2018,7.35,7.2,0.145,2.8,11.9,43,126.5,9.45,1797.5,236,8.5,11.35,0,3,78.5,18,0,91.5,37,40,23
ONH1_2017,7.275,7.2,0.1975,2.8,23.35,84,144.25,9.725,1680.75,230,6.25,10.725,0,3.5,77.75,18,0,94.75,40,41.5,18.5
ONH1_2016,7.2,7.2,0.25,2.8,34.8,125,162,10,1564,224,4,10.1,0,4,77,18,0,98,43,43,14
ONH1_2015,7.050000000000001,7.2,0.25,2.8,34.8,125,162,10,1564,224,4,10.1,0,4,77,18,0,98,43,43,14
ONH1_2014,6.9,7.2,0.25,2.8,34.8,125,162,10,1564,224,4,10.1,0,4,77,18,0,98,43,43,14
AZH1_2016,6.8375,7.2,1.4675,1.875,161.525,581.5,320.375,116.25,3097.75,266.375,446.25,20.4625,0,3.875,75.625,10.75,9.5,85,46.25,25.875,27.875
AZI1_2015,6.8375,7.2,1.4675,1.875,161.525,581.5,320.375,116.25,3097.75,266.375,446.25,20.4625,0,3.875,75.625,10.75,9.5,85,46.25,25.875,27.875
AZI2_2015,6.8375,7.2,1.4675,1.875,161.525,581.5,320.375,116.25,3097.75,266.375,446.25,20.4625,0,3.875,75.625,10.75,9.5,85,46.25,25.875,27.875
AZI1  AZI2_2015,6.8375,7.2,1.4675,1.875,161.525,581.5,320.375,116.25,3097.75,266.375,446.25,20.4625,0,3.875,75.625,10.75,9.5,85,46.25,25.875,27.875
PAI1_2015,6.75,7.2,0.38,1.7000000000000002,46.36,167,72,14.8,2444.8,237,22.4,14.48,0,1.4,83.8,13.8,1,52,38.8,36.4,24.8
PAI2_2015,6.75,7.2,0.38,1.7000000000000002,46.36,167,72,14.8,2444.8,237,22.4,14.48,0,1.4,83.8,13.8,1,52,38.8,36.4,24.8
PAI1  PAI2_2015,6.75,7.2,0.38,1.7000000000000002,46.36,167,72,14.8,2444.8,237,22.4,14.48,0,1.4,83.8,13.8,1,52,38.8,36.4,24.8
PAI1_2014,6.75,7.2,0.38,1.7000000000000002,46.36,167,72,14.8,2444.8,237,22.4,14.48,0,1.4,83.8,13.8,1,52,38.8,36.4,24.8
GxE_inb_PA1_2014,6.75,7.2,0.38,1.7000000000000002,46.36,167,72,14.8,2444.8,237,22.4,14.48,0,1.4,83.8,13.8,1,52,38.8,36.4,24.8
DEI1_2015,6.713021223470661,7.003952569169962,0.2867588932806325,2.8364867216117213,30.70853096179183,112.18050065876152,191.1135875402793,15.827799227799227,2400.3442728442733,380.7403474903475,23.031620553359684,17.15633848133848,8.706521739130435,3.581338481338481,68.99889317889318,17.733938223938225,0.4679922779922781,54.132572502685285,35.59782608695652,36.65711462450593,27.74505928853755
DEI1_2014,6.713021223470661,7.003952569169962,0.2867588932806325,2.8364867216117213,30.70853096179183,112.18050065876152,191.1135875402793,15.827799227799227,2400.3442728442733,380.7403474903475,23.031620553359684,17.15633848133848,8.706521739130435,3.581338481338481,68.99889317889318,17.733938223938225,0.4679922779922781,54.132572502685285,35.59782608695652,36.65711462450593,27.74505928853755
G2FDE1_2014,6.713021223470661,7.003952569169962,0.2867588932806325,2.8364867216117213,30.70853096179183,112.18050065876152,191.1135875402793,15.827799227799227,2400.3442728442733,380.7403474903475,23.031620553359684,17.15633848133848,8.706521739130435,3.581338481338481,68.99889317889318,17.733938223938225,0.4679922779922781,54.132572502685285,35.59782608695652,36.65711462450593,27.74505928853755
NCI1_2015,6.713021223470661,7.003952569169962,0.2867588932806325,2.8364867216117213,30.70853096179183,112.18050065876152,191.1135875402793,15.827799227799227,2400.3442728442733,380.7403474903475,23.031620553359684,17.15633848133848,8.706521739130435,3.581338481338481,68.99889317889318,17.733938223938225,0.4679922779922781,54.132572502685285,35.59782608695652,36.65711462450593,27.74505928853755
NCI1_2014,6.713021223470661,7.003952569169962,0.2867588932806325,2.8364867216117213,30.70853096179183,112.18050065876152,191.1135875402793,15.827799227799227,2400.3442728442733,380.7403474903475,23.031620553359684,17.15633848133848,8.706521739130435,3.581338481338481,68.99889317889318,17.733938223938225,0.4679922779922781,54.132572502685285,35.59782608695652,36.65711462450593,27.74505928853755
NC1_2014,6.713021223470661,7.003952569169962,0.2867588932806325,2.8364867216117213,30.70853096179183,112.18050065876152,191.1135875402793,15.827799227799227,2400.3442728442733,380.7403474903475,23.031620553359684,17.15633848133848,8.706521739130435,3.581338481338481,68.99889317889318,17.733938223938225,0.4679922779922781,54.132572502685285,35.59782608695652,36.65711462450593,27.74505928853755
SDH1_2015,6.7,7.2,0.125,2.95,10.400000000000002,65.5,298.5,10.066666666666666,4499.666666666667,353.83333333333337,26,26.4,0,1,92.5,6,0,21,39,36,25
SDI1_2015,6.7,7.2,0.125,2.95,10.400000000000002,65.5,298.5,10.066666666666666,4499.666666666667,353.83333333333337,26,26.4,0,1,92.5,6,0,21,39,36,25
nan_2014,6.2,6.7,0.28700000000000003,4,21.49,77.1,112.6,9.3,2298.2,359.1,9.4,18.75,19.2,2.3,61.4,15.4,0.1,18,29.7,44.4,25.9
